2025-02-03 14:09:38,333 [Worker-6: Loading available Gradle versions] INFO  o.e.b.c.i.u.g.PublishedGradleVersions - Gradle version information cache is not available. Remote download required.
2025-02-03 14:13:02,384 [Worker-2: Creating project "Junit-01"] INFO  o.e.m.c.i.e.AbstractTransferListenerAdapter - Downloading https://repo.maven.apache.org/maven2/org/apache/maven/plugins/maven-compiler-plugin/3.13.0/maven-compiler-plugin-3.13.0.jar
2025-02-03 14:13:02,813 [Worker-2: Creating project "Junit-01"] INFO  o.e.m.c.i.e.AbstractTransferListenerAdapter - Downloaded https://repo.maven.apache.org/maven2/org/apache/maven/plugins/maven-compiler-plugin/3.13.0/maven-compiler-plugin-3.13.0.jar
2025-02-03 14:13:02,882 [Worker-2: Creating project "Junit-01"] INFO  o.e.m.c.i.e.AbstractTransferListenerAdapter - Downloading https://repo.maven.apache.org/maven2/org/apache/maven/plugins/maven-surefire-plugin/3.2.5/maven-surefire-plugin-3.2.5.jar
2025-02-03 14:13:03,022 [Worker-2: Creating project "Junit-01"] INFO  o.e.m.c.i.e.AbstractTransferListenerAdapter - Downloaded https://repo.maven.apache.org/maven2/org/apache/maven/plugins/maven-surefire-plugin/3.2.5/maven-surefire-plugin-3.2.5.jar
2025-02-03 14:13:03,074 [Worker-2: Creating project "Junit-01"] INFO  o.e.m.c.i.e.AbstractTransferListenerAdapter - Downloading https://repo.maven.apache.org/maven2/org/apache/maven/plugins/maven-jar-plugin/3.4.1/maven-jar-plugin-3.4.1.jar
2025-02-03 14:13:03,205 [Worker-2: Creating project "Junit-01"] INFO  o.e.m.c.i.e.AbstractTransferListenerAdapter - Downloaded https://repo.maven.apache.org/maven2/org/apache/maven/plugins/maven-jar-plugin/3.4.1/maven-jar-plugin-3.4.1.jar
2025-02-03 14:13:03,267 [Worker-2: Creating project "Junit-01"] INFO  o.e.m.c.i.e.AbstractTransferListenerAdapter - Downloading https://repo.maven.apache.org/maven2/org/apache/maven/plugins/maven-install-plugin/3.1.2/maven-install-plugin-3.1.2.jar
2025-02-03 14:13:03,529 [Worker-2: Creating project "Junit-01"] INFO  o.e.m.c.i.e.AbstractTransferListenerAdapter - Downloaded https://repo.maven.apache.org/maven2/org/apache/maven/plugins/maven-install-plugin/3.1.2/maven-install-plugin-3.1.2.jar
2025-02-03 14:13:03,589 [Worker-2: Creating project "Junit-01"] INFO  o.e.m.c.i.e.AbstractTransferListenerAdapter - Downloading https://repo.maven.apache.org/maven2/org/apache/maven/plugins/maven-deploy-plugin/3.1.2/maven-deploy-plugin-3.1.2.jar
2025-02-03 14:13:03,902 [Worker-2: Creating project "Junit-01"] INFO  o.e.m.c.i.e.AbstractTransferListenerAdapter - Downloaded https://repo.maven.apache.org/maven2/org/apache/maven/plugins/maven-deploy-plugin/3.1.2/maven-deploy-plugin-3.1.2.jar
2025-02-03 14:13:03,994 [Worker-2: Creating project "Junit-01"] INFO  o.e.m.c.i.e.AbstractTransferListenerAdapter - Downloading https://repo.maven.apache.org/maven2/org/apache/maven/plugins/maven-compiler-plugin/3.13.0/maven-compiler-plugin-3.13.0.pom
2025-02-03 14:13:04,010 [Worker-2: Creating project "Junit-01"] INFO  o.e.m.c.i.e.AbstractTransferListenerAdapter - Downloaded https://repo.maven.apache.org/maven2/org/apache/maven/plugins/maven-compiler-plugin/3.13.0/maven-compiler-plugin-3.13.0.pom
2025-02-03 14:13:04,073 [Worker-2: Creating project "Junit-01"] INFO  o.e.m.c.i.e.AbstractTransferListenerAdapter - Downloading https://repo.maven.apache.org/maven2/org/apache/maven/plugins/maven-plugins/41/maven-plugins-41.pom
2025-02-03 14:13:04,090 [Worker-2: Creating project "Junit-01"] INFO  o.e.m.c.i.e.AbstractTransferListenerAdapter - Downloaded https://repo.maven.apache.org/maven2/org/apache/maven/plugins/maven-plugins/41/maven-plugins-41.pom
2025-02-03 14:13:04,222 [Worker-2: Creating project "Junit-01"] INFO  o.e.m.c.i.e.AbstractTransferListenerAdapter - Downloading https://repo.maven.apache.org/maven2/org/apache/maven/shared/maven-shared-utils/3.4.2/maven-shared-utils-3.4.2.pom
2025-02-03 14:13:04,229 [Worker-2: Creating project "Junit-01"] INFO  o.e.m.c.i.e.AbstractTransferListenerAdapter - Downloaded https://repo.maven.apache.org/maven2/org/apache/maven/shared/maven-shared-utils/3.4.2/maven-shared-utils-3.4.2.pom
2025-02-03 14:13:04,454 [Worker-2: Creating project "Junit-01"] INFO  o.e.m.c.i.e.AbstractTransferListenerAdapter - Downloading https://repo.maven.apache.org/maven2/org/codehaus/plexus/plexus-compiler-api/2.15.0/plexus-compiler-api-2.15.0.pom
2025-02-03 14:13:04,459 [Worker-2: Creating project "Junit-01"] INFO  o.e.m.c.i.e.AbstractTransferListenerAdapter - Downloaded https://repo.maven.apache.org/maven2/org/codehaus/plexus/plexus-compiler-api/2.15.0/plexus-compiler-api-2.15.0.pom
2025-02-03 14:13:04,501 [Worker-2: Creating project "Junit-01"] INFO  o.e.m.c.i.e.AbstractTransferListenerAdapter - Downloading https://repo.maven.apache.org/maven2/org/codehaus/plexus/plexus-compiler/2.15.0/plexus-compiler-2.15.0.pom
2025-02-03 14:13:04,511 [Worker-2: Creating project "Junit-01"] INFO  o.e.m.c.i.e.AbstractTransferListenerAdapter - Downloaded https://repo.maven.apache.org/maven2/org/codehaus/plexus/plexus-compiler/2.15.0/plexus-compiler-2.15.0.pom
2025-02-03 14:13:04,582 [Worker-2: Creating project "Junit-01"] INFO  o.e.m.c.i.e.AbstractTransferListenerAdapter - Downloading https://repo.maven.apache.org/maven2/org/codehaus/plexus/plexus-compiler-manager/2.15.0/plexus-compiler-manager-2.15.0.pom
2025-02-03 14:13:04,588 [Worker-2: Creating project "Junit-01"] INFO  o.e.m.c.i.e.AbstractTransferListenerAdapter - Downloaded https://repo.maven.apache.org/maven2/org/codehaus/plexus/plexus-compiler-manager/2.15.0/plexus-compiler-manager-2.15.0.pom
2025-02-03 14:13:04,632 [Worker-2: Creating project "Junit-01"] INFO  o.e.m.c.i.e.AbstractTransferListenerAdapter - Downloading https://repo.maven.apache.org/maven2/org/codehaus/plexus/plexus-xml/3.0.0/plexus-xml-3.0.0.pom
2025-02-03 14:13:04,639 [Worker-2: Creating project "Junit-01"] INFO  o.e.m.c.i.e.AbstractTransferListenerAdapter - Downloaded https://repo.maven.apache.org/maven2/org/codehaus/plexus/plexus-xml/3.0.0/plexus-xml-3.0.0.pom
2025-02-03 14:13:04,682 [Worker-2: Creating project "Junit-01"] INFO  o.e.m.c.i.e.AbstractTransferListenerAdapter - Downloading https://repo.maven.apache.org/maven2/org/codehaus/plexus/plexus-compiler-javac/2.15.0/plexus-compiler-javac-2.15.0.pom
2025-02-03 14:13:04,687 [Worker-2: Creating project "Junit-01"] INFO  o.e.m.c.i.e.AbstractTransferListenerAdapter - Downloaded https://repo.maven.apache.org/maven2/org/codehaus/plexus/plexus-compiler-javac/2.15.0/plexus-compiler-javac-2.15.0.pom
2025-02-03 14:13:04,732 [Worker-2: Creating project "Junit-01"] INFO  o.e.m.c.i.e.AbstractTransferListenerAdapter - Downloading https://repo.maven.apache.org/maven2/org/codehaus/plexus/plexus-compilers/2.15.0/plexus-compilers-2.15.0.pom
2025-02-03 14:13:04,740 [Worker-2: Creating project "Junit-01"] INFO  o.e.m.c.i.e.AbstractTransferListenerAdapter - Downloaded https://repo.maven.apache.org/maven2/org/codehaus/plexus/plexus-compilers/2.15.0/plexus-compilers-2.15.0.pom
2025-02-03 14:13:04,822 [Worker-2: Creating project "Junit-01"] INFO  o.e.m.c.i.e.AbstractTransferListenerAdapter - Downloading https://repo.maven.apache.org/maven2/org/apache/maven/shared/maven-shared-utils/3.4.2/maven-shared-utils-3.4.2.jar
2025-02-03 14:13:04,954 [Worker-2: Creating project "Junit-01"] INFO  o.e.m.c.i.e.AbstractTransferListenerAdapter - Downloaded https://repo.maven.apache.org/maven2/org/apache/maven/shared/maven-shared-utils/3.4.2/maven-shared-utils-3.4.2.jar
2025-02-03 14:13:04,995 [BasicRepositoryConnector-repo.maven.apache.org-0-0] INFO  o.e.m.c.i.e.AbstractTransferListenerAdapter - Downloading https://repo.maven.apache.org/maven2/org/codehaus/plexus/plexus-compiler-api/2.15.0/plexus-compiler-api-2.15.0.jar
2025-02-03 14:13:05,031 [BasicRepositoryConnector-repo.maven.apache.org-0-0] INFO  o.e.m.c.i.e.AbstractTransferListenerAdapter - Downloaded https://repo.maven.apache.org/maven2/org/codehaus/plexus/plexus-compiler-api/2.15.0/plexus-compiler-api-2.15.0.jar
2025-02-03 14:13:05,065 [BasicRepositoryConnector-repo.maven.apache.org-0-1] INFO  o.e.m.c.i.e.AbstractTransferListenerAdapter - Downloading https://repo.maven.apache.org/maven2/org/codehaus/plexus/plexus-compiler-manager/2.15.0/plexus-compiler-manager-2.15.0.jar
2025-02-03 14:13:05,075 [BasicRepositoryConnector-repo.maven.apache.org-0-3] INFO  o.e.m.c.i.e.AbstractTransferListenerAdapter - Downloading https://repo.maven.apache.org/maven2/org/codehaus/plexus/plexus-compiler-javac/2.15.0/plexus-compiler-javac-2.15.0.jar
2025-02-03 14:13:05,075 [BasicRepositoryConnector-repo.maven.apache.org-0-2] INFO  o.e.m.c.i.e.AbstractTransferListenerAdapter - Downloading https://repo.maven.apache.org/maven2/org/codehaus/plexus/plexus-xml/3.0.0/plexus-xml-3.0.0.jar
2025-02-03 14:13:05,076 [BasicRepositoryConnector-repo.maven.apache.org-0-1] INFO  o.e.m.c.i.e.AbstractTransferListenerAdapter - Downloaded https://repo.maven.apache.org/maven2/org/codehaus/plexus/plexus-compiler-manager/2.15.0/plexus-compiler-manager-2.15.0.jar
2025-02-03 14:13:05,092 [BasicRepositoryConnector-repo.maven.apache.org-0-3] INFO  o.e.m.c.i.e.AbstractTransferListenerAdapter - Downloaded https://repo.maven.apache.org/maven2/org/codehaus/plexus/plexus-compiler-javac/2.15.0/plexus-compiler-javac-2.15.0.jar
2025-02-03 14:13:05,125 [BasicRepositoryConnector-repo.maven.apache.org-0-2] INFO  o.e.m.c.i.e.AbstractTransferListenerAdapter - Downloaded https://repo.maven.apache.org/maven2/org/codehaus/plexus/plexus-xml/3.0.0/plexus-xml-3.0.0.jar
2025-02-03 14:13:05,449 [Worker-2: Creating project "Junit-01"] INFO  o.e.m.c.i.l.LifecycleMappingFactory - Using org.eclipse.m2e.jdt.JarLifecycleMapping lifecycle mapping for MavenProject: com.telusko.learning:Junit-01:0.0.1-SNAPSHOT @ C:\Users\jayan\eclipse-workspace\Junit-01\pom.xml.
2025-02-03 14:13:05,534 [Worker-2: Creating project "Junit-01"] INFO  o.e.m.c.i.e.AbstractTransferListenerAdapter - Downloading https://repo.maven.apache.org/maven2/org/apache/maven/plugins/maven-surefire-plugin/3.2.5/maven-surefire-plugin-3.2.5.pom
2025-02-03 14:13:05,541 [Worker-2: Creating project "Junit-01"] INFO  o.e.m.c.i.e.AbstractTransferListenerAdapter - Downloaded https://repo.maven.apache.org/maven2/org/apache/maven/plugins/maven-surefire-plugin/3.2.5/maven-surefire-plugin-3.2.5.pom
2025-02-03 14:13:05,595 [Worker-2: Creating project "Junit-01"] INFO  o.e.m.c.i.e.AbstractTransferListenerAdapter - Downloading https://repo.maven.apache.org/maven2/org/apache/maven/surefire/surefire/3.2.5/surefire-3.2.5.pom
2025-02-03 14:13:05,605 [Worker-2: Creating project "Junit-01"] INFO  o.e.m.c.i.e.AbstractTransferListenerAdapter - Downloaded https://repo.maven.apache.org/maven2/org/apache/maven/surefire/surefire/3.2.5/surefire-3.2.5.pom
2025-02-03 14:13:05,677 [Worker-2: Creating project "Junit-01"] INFO  o.e.m.c.i.e.AbstractTransferListenerAdapter - Downloading https://repo.maven.apache.org/maven2/org/apache/maven/plugins/maven-jar-plugin/3.4.1/maven-jar-plugin-3.4.1.pom
2025-02-03 14:13:05,683 [Worker-2: Creating project "Junit-01"] INFO  o.e.m.c.i.e.AbstractTransferListenerAdapter - Downloaded https://repo.maven.apache.org/maven2/org/apache/maven/plugins/maven-jar-plugin/3.4.1/maven-jar-plugin-3.4.1.pom
2025-02-03 14:13:05,722 [Worker-2: Creating project "Junit-01"] INFO  o.e.m.c.i.e.AbstractTransferListenerAdapter - Downloading https://repo.maven.apache.org/maven2/org/apache/maven/plugins/maven-plugins/42/maven-plugins-42.pom
2025-02-03 14:13:05,728 [Worker-2: Creating project "Junit-01"] INFO  o.e.m.c.i.e.AbstractTransferListenerAdapter - Downloaded https://repo.maven.apache.org/maven2/org/apache/maven/plugins/maven-plugins/42/maven-plugins-42.pom
2025-02-03 14:13:05,778 [Worker-2: Creating project "Junit-01"] INFO  o.e.m.c.i.e.AbstractTransferListenerAdapter - Downloading https://repo.maven.apache.org/maven2/org/apache/maven/maven-parent/42/maven-parent-42.pom
2025-02-03 14:13:05,789 [Worker-2: Creating project "Junit-01"] INFO  o.e.m.c.i.e.AbstractTransferListenerAdapter - Downloaded https://repo.maven.apache.org/maven2/org/apache/maven/maven-parent/42/maven-parent-42.pom
2025-02-03 14:13:05,835 [Worker-2: Creating project "Junit-01"] INFO  o.e.m.c.i.e.AbstractTransferListenerAdapter - Downloading https://repo.maven.apache.org/maven2/org/apache/apache/32/apache-32.pom
2025-02-03 14:13:05,843 [Worker-2: Creating project "Junit-01"] INFO  o.e.m.c.i.e.AbstractTransferListenerAdapter - Downloaded https://repo.maven.apache.org/maven2/org/apache/apache/32/apache-32.pom
2025-02-03 14:13:05,952 [Worker-2: Creating project "Junit-01"] INFO  o.e.m.c.i.e.AbstractTransferListenerAdapter - Downloading https://repo.maven.apache.org/maven2/commons-io/commons-io/2.16.1/commons-io-2.16.1.pom
2025-02-03 14:13:05,978 [Worker-2: Creating project "Junit-01"] INFO  o.e.m.c.i.e.AbstractTransferListenerAdapter - Downloaded https://repo.maven.apache.org/maven2/commons-io/commons-io/2.16.1/commons-io-2.16.1.pom
2025-02-03 14:13:06,023 [Worker-2: Creating project "Junit-01"] INFO  o.e.m.c.i.e.AbstractTransferListenerAdapter - Downloading https://repo.maven.apache.org/maven2/org/apache/commons/commons-parent/69/commons-parent-69.pom
2025-02-03 14:13:06,057 [Worker-2: Creating project "Junit-01"] INFO  o.e.m.c.i.e.AbstractTransferListenerAdapter - Downloaded https://repo.maven.apache.org/maven2/org/apache/commons/commons-parent/69/commons-parent-69.pom
2025-02-03 14:13:06,114 [Worker-2: Creating project "Junit-01"] INFO  o.e.m.c.i.e.AbstractTransferListenerAdapter - Downloading https://repo.maven.apache.org/maven2/org/apache/maven/maven-archiver/3.6.2/maven-archiver-3.6.2.pom
2025-02-03 14:13:06,127 [Worker-2: Creating project "Junit-01"] INFO  o.e.m.c.i.e.AbstractTransferListenerAdapter - Downloaded https://repo.maven.apache.org/maven2/org/apache/maven/maven-archiver/3.6.2/maven-archiver-3.6.2.pom
2025-02-03 14:13:06,184 [Worker-2: Creating project "Junit-01"] INFO  o.e.m.c.i.e.AbstractTransferListenerAdapter - Downloading https://repo.maven.apache.org/maven2/org/apache/maven/shared/maven-shared-components/41/maven-shared-components-41.pom
2025-02-03 14:13:06,193 [Worker-2: Creating project "Junit-01"] INFO  o.e.m.c.i.e.AbstractTransferListenerAdapter - Downloaded https://repo.maven.apache.org/maven2/org/apache/maven/shared/maven-shared-components/41/maven-shared-components-41.pom
2025-02-03 14:13:06,243 [Worker-2: Creating project "Junit-01"] INFO  o.e.m.c.i.e.AbstractTransferListenerAdapter - Downloading https://repo.maven.apache.org/maven2/org/codehaus/plexus/plexus-archiver/4.9.2/plexus-archiver-4.9.2.pom
2025-02-03 14:13:06,247 [Worker-2: Creating project "Junit-01"] INFO  o.e.m.c.i.e.AbstractTransferListenerAdapter - Downloaded https://repo.maven.apache.org/maven2/org/codehaus/plexus/plexus-archiver/4.9.2/plexus-archiver-4.9.2.pom
2025-02-03 14:13:06,295 [Worker-2: Creating project "Junit-01"] INFO  o.e.m.c.i.e.AbstractTransferListenerAdapter - Downloading https://repo.maven.apache.org/maven2/org/codehaus/plexus/plexus-io/3.4.2/plexus-io-3.4.2.pom
2025-02-03 14:13:06,301 [Worker-2: Creating project "Junit-01"] INFO  o.e.m.c.i.e.AbstractTransferListenerAdapter - Downloaded https://repo.maven.apache.org/maven2/org/codehaus/plexus/plexus-io/3.4.2/plexus-io-3.4.2.pom
2025-02-03 14:13:06,347 [Worker-2: Creating project "Junit-01"] INFO  o.e.m.c.i.e.AbstractTransferListenerAdapter - Downloading https://repo.maven.apache.org/maven2/org/codehaus/plexus/plexus/16/plexus-16.pom
2025-02-03 14:13:06,358 [Worker-2: Creating project "Junit-01"] INFO  o.e.m.c.i.e.AbstractTransferListenerAdapter - Downloaded https://repo.maven.apache.org/maven2/org/codehaus/plexus/plexus/16/plexus-16.pom
2025-02-03 14:13:06,403 [Worker-2: Creating project "Junit-01"] INFO  o.e.m.c.i.e.AbstractTransferListenerAdapter - Downloading https://repo.maven.apache.org/maven2/org/junit/junit-bom/5.10.1/junit-bom-5.10.1.pom
2025-02-03 14:13:06,408 [Worker-2: Creating project "Junit-01"] INFO  o.e.m.c.i.e.AbstractTransferListenerAdapter - Downloaded https://repo.maven.apache.org/maven2/org/junit/junit-bom/5.10.1/junit-bom-5.10.1.pom
2025-02-03 14:13:06,451 [Worker-2: Creating project "Junit-01"] INFO  o.e.m.c.i.e.AbstractTransferListenerAdapter - Downloading https://repo.maven.apache.org/maven2/org/apache/commons/commons-compress/1.26.1/commons-compress-1.26.1.pom
2025-02-03 14:13:06,460 [Worker-2: Creating project "Junit-01"] INFO  o.e.m.c.i.e.AbstractTransferListenerAdapter - Downloaded https://repo.maven.apache.org/maven2/org/apache/commons/commons-compress/1.26.1/commons-compress-1.26.1.pom
2025-02-03 14:13:06,504 [Worker-2: Creating project "Junit-01"] INFO  o.e.m.c.i.e.AbstractTransferListenerAdapter - Downloading https://repo.maven.apache.org/maven2/org/apache/commons/commons-parent/66/commons-parent-66.pom
2025-02-03 14:13:06,531 [Worker-2: Creating project "Junit-01"] INFO  o.e.m.c.i.e.AbstractTransferListenerAdapter - Downloaded https://repo.maven.apache.org/maven2/org/apache/commons/commons-parent/66/commons-parent-66.pom
2025-02-03 14:13:06,581 [Worker-2: Creating project "Junit-01"] INFO  o.e.m.c.i.e.AbstractTransferListenerAdapter - Downloading https://repo.maven.apache.org/maven2/commons-codec/commons-codec/1.16.1/commons-codec-1.16.1.pom
2025-02-03 14:13:06,589 [Worker-2: Creating project "Junit-01"] INFO  o.e.m.c.i.e.AbstractTransferListenerAdapter - Downloaded https://repo.maven.apache.org/maven2/commons-codec/commons-codec/1.16.1/commons-codec-1.16.1.pom
2025-02-03 14:13:06,632 [Worker-2: Creating project "Junit-01"] INFO  o.e.m.c.i.e.AbstractTransferListenerAdapter - Downloading https://repo.maven.apache.org/maven2/org/apache/commons/commons-lang3/3.14.0/commons-lang3-3.14.0.pom
2025-02-03 14:13:06,641 [Worker-2: Creating project "Junit-01"] INFO  o.e.m.c.i.e.AbstractTransferListenerAdapter - Downloaded https://repo.maven.apache.org/maven2/org/apache/commons/commons-lang3/3.14.0/commons-lang3-3.14.0.pom
2025-02-03 14:13:06,684 [Worker-2: Creating project "Junit-01"] INFO  o.e.m.c.i.e.AbstractTransferListenerAdapter - Downloading https://repo.maven.apache.org/maven2/org/apache/commons/commons-parent/64/commons-parent-64.pom
2025-02-03 14:13:06,698 [Worker-2: Creating project "Junit-01"] INFO  o.e.m.c.i.e.AbstractTransferListenerAdapter - Downloaded https://repo.maven.apache.org/maven2/org/apache/commons/commons-parent/64/commons-parent-64.pom
2025-02-03 14:13:06,762 [Worker-2: Creating project "Junit-01"] INFO  o.e.m.c.i.e.AbstractTransferListenerAdapter - Downloading https://repo.maven.apache.org/maven2/com/github/luben/zstd-jni/1.5.5-11/zstd-jni-1.5.5-11.pom
2025-02-03 14:13:06,768 [Worker-2: Creating project "Junit-01"] INFO  o.e.m.c.i.e.AbstractTransferListenerAdapter - Downloaded https://repo.maven.apache.org/maven2/com/github/luben/zstd-jni/1.5.5-11/zstd-jni-1.5.5-11.pom
2025-02-03 14:13:06,812 [Worker-2: Creating project "Junit-01"] INFO  o.e.m.c.i.e.AbstractTransferListenerAdapter - Downloading https://repo.maven.apache.org/maven2/org/codehaus/plexus/plexus-interpolation/1.27/plexus-interpolation-1.27.pom
2025-02-03 14:13:06,819 [Worker-2: Creating project "Junit-01"] INFO  o.e.m.c.i.e.AbstractTransferListenerAdapter - Downloaded https://repo.maven.apache.org/maven2/org/codehaus/plexus/plexus-interpolation/1.27/plexus-interpolation-1.27.pom
2025-02-03 14:13:06,892 [Worker-2: Creating project "Junit-01"] INFO  o.e.m.c.i.e.AbstractTransferListenerAdapter - Downloading https://repo.maven.apache.org/maven2/commons-io/commons-io/2.16.1/commons-io-2.16.1.jar
2025-02-03 14:13:06,970 [Worker-2: Creating project "Junit-01"] INFO  o.e.m.c.i.e.AbstractTransferListenerAdapter - Downloaded https://repo.maven.apache.org/maven2/commons-io/commons-io/2.16.1/commons-io-2.16.1.jar
2025-02-03 14:13:07,003 [BasicRepositoryConnector-repo.maven.apache.org-1-0] INFO  o.e.m.c.i.e.AbstractTransferListenerAdapter - Downloading https://repo.maven.apache.org/maven2/org/apache/maven/maven-archiver/3.6.2/maven-archiver-3.6.2.jar
2025-02-03 14:13:07,009 [BasicRepositoryConnector-repo.maven.apache.org-1-2] INFO  o.e.m.c.i.e.AbstractTransferListenerAdapter - Downloading https://repo.maven.apache.org/maven2/org/codehaus/plexus/plexus-archiver/4.9.2/plexus-archiver-4.9.2.jar
2025-02-03 14:13:07,018 [BasicRepositoryConnector-repo.maven.apache.org-1-3] INFO  o.e.m.c.i.e.AbstractTransferListenerAdapter - Downloading https://repo.maven.apache.org/maven2/org/codehaus/plexus/plexus-io/3.4.2/plexus-io-3.4.2.jar
2025-02-03 14:13:07,037 [BasicRepositoryConnector-repo.maven.apache.org-1-1] INFO  o.e.m.c.i.e.AbstractTransferListenerAdapter - Downloading https://repo.maven.apache.org/maven2/org/codehaus/plexus/plexus-interpolation/1.27/plexus-interpolation-1.27.jar
2025-02-03 14:13:07,045 [BasicRepositoryConnector-repo.maven.apache.org-1-0] INFO  o.e.m.c.i.e.AbstractTransferListenerAdapter - Downloaded https://repo.maven.apache.org/maven2/org/apache/maven/maven-archiver/3.6.2/maven-archiver-3.6.2.jar
2025-02-03 14:13:07,046 [BasicRepositoryConnector-repo.maven.apache.org-1-2] INFO  o.e.m.c.i.e.AbstractTransferListenerAdapter - Downloaded https://repo.maven.apache.org/maven2/org/codehaus/plexus/plexus-archiver/4.9.2/plexus-archiver-4.9.2.jar
2025-02-03 14:13:07,063 [BasicRepositoryConnector-repo.maven.apache.org-1-4] INFO  o.e.m.c.i.e.AbstractTransferListenerAdapter - Downloading https://repo.maven.apache.org/maven2/org/apache/commons/commons-compress/1.26.1/commons-compress-1.26.1.jar
2025-02-03 14:13:07,073 [BasicRepositoryConnector-repo.maven.apache.org-1-3] INFO  o.e.m.c.i.e.AbstractTransferListenerAdapter - Downloaded https://repo.maven.apache.org/maven2/org/codehaus/plexus/plexus-io/3.4.2/plexus-io-3.4.2.jar
2025-02-03 14:13:07,081 [BasicRepositoryConnector-repo.maven.apache.org-1-0] INFO  o.e.m.c.i.e.AbstractTransferListenerAdapter - Downloading https://repo.maven.apache.org/maven2/org/apache/commons/commons-lang3/3.14.0/commons-lang3-3.14.0.jar
2025-02-03 14:13:07,085 [BasicRepositoryConnector-repo.maven.apache.org-1-2] INFO  o.e.m.c.i.e.AbstractTransferListenerAdapter - Downloading https://repo.maven.apache.org/maven2/commons-codec/commons-codec/1.16.1/commons-codec-1.16.1.jar
2025-02-03 14:13:07,113 [BasicRepositoryConnector-repo.maven.apache.org-1-3] INFO  o.e.m.c.i.e.AbstractTransferListenerAdapter - Downloading https://repo.maven.apache.org/maven2/com/github/luben/zstd-jni/1.5.5-11/zstd-jni-1.5.5-11.jar
2025-02-03 14:13:07,121 [BasicRepositoryConnector-repo.maven.apache.org-1-1] INFO  o.e.m.c.i.e.AbstractTransferListenerAdapter - Downloaded https://repo.maven.apache.org/maven2/org/codehaus/plexus/plexus-interpolation/1.27/plexus-interpolation-1.27.jar
2025-02-03 14:13:07,145 [BasicRepositoryConnector-repo.maven.apache.org-1-0] INFO  o.e.m.c.i.e.AbstractTransferListenerAdapter - Downloaded https://repo.maven.apache.org/maven2/org/apache/commons/commons-lang3/3.14.0/commons-lang3-3.14.0.jar
2025-02-03 14:13:07,253 [BasicRepositoryConnector-repo.maven.apache.org-1-2] INFO  o.e.m.c.i.e.AbstractTransferListenerAdapter - Downloaded https://repo.maven.apache.org/maven2/commons-codec/commons-codec/1.16.1/commons-codec-1.16.1.jar
2025-02-03 14:13:07,447 [BasicRepositoryConnector-repo.maven.apache.org-1-4] INFO  o.e.m.c.i.e.AbstractTransferListenerAdapter - Downloaded https://repo.maven.apache.org/maven2/org/apache/commons/commons-compress/1.26.1/commons-compress-1.26.1.jar
2025-02-03 14:13:09,531 [BasicRepositoryConnector-repo.maven.apache.org-1-3] INFO  o.e.m.c.i.e.AbstractTransferListenerAdapter - Downloaded https://repo.maven.apache.org/maven2/com/github/luben/zstd-jni/1.5.5-11/zstd-jni-1.5.5-11.jar
2025-02-03 14:13:10,329 [Worker-2: Creating project "Junit-01"] INFO  o.e.m.j.i.AbstractJavaProjectConfigurator - Adding source folder /Junit-01/src/main/java
2025-02-03 14:13:10,335 [Worker-2: Creating project "Junit-01"] INFO  o.e.m.j.i.AbstractJavaProjectConfigurator - Adding resource folder /Junit-01/src/main/resources
2025-02-03 14:13:10,338 [Worker-2: Creating project "Junit-01"] INFO  o.e.m.j.i.AbstractJavaProjectConfigurator - Adding source folder /Junit-01/src/test/java
2025-02-03 14:13:10,339 [Worker-2: Creating project "Junit-01"] INFO  o.e.m.j.i.AbstractJavaProjectConfigurator - Adding resource folder /Junit-01/src/test/resources
2025-02-03 14:13:11,724 [Worker-20: Building] WARN  o.a.m.s.f.DefaultMavenResourcesFiltering - Using platform encoding (UTF-8 actually) to copy filtered resources, i.e. build is platform dependent!
2025-02-03 14:13:11,734 [Worker-20: Building] INFO  o.a.m.s.f.DefaultMavenResourcesFiltering - Copying 0 resource from src\main\resources to target\classes
2025-02-03 14:13:11,743 [Worker-20: Building] WARN  o.a.m.s.f.DefaultMavenResourcesFiltering - Using platform encoding (UTF-8 actually) to copy filtered resources, i.e. build is platform dependent!
2025-02-03 14:13:11,746 [Worker-20: Building] INFO  o.a.m.s.f.DefaultMavenResourcesFiltering - Copying 0 resource from src\test\resources to target\test-classes
2025-02-03 14:22:17,030 [Worker-26: Building] WARN  o.a.m.s.f.DefaultMavenResourcesFiltering - Using platform encoding (UTF-8 actually) to copy filtered resources, i.e. build is platform dependent!
2025-02-03 14:22:17,038 [Worker-26: Building] INFO  o.a.m.s.f.DefaultMavenResourcesFiltering - Copying 0 resource from src\main\resources to target\classes
2025-02-03 14:22:17,047 [Worker-26: Building] WARN  o.a.m.s.f.DefaultMavenResourcesFiltering - Using platform encoding (UTF-8 actually) to copy filtered resources, i.e. build is platform dependent!
2025-02-03 14:22:17,051 [Worker-26: Building] INFO  o.a.m.s.f.DefaultMavenResourcesFiltering - Copying 0 resource from src\test\resources to target\test-classes
2025-02-03 14:25:46,190 [Worker-26: Building] WARN  o.a.m.s.f.DefaultMavenResourcesFiltering - Using platform encoding (UTF-8 actually) to copy filtered resources, i.e. build is platform dependent!
2025-02-03 14:25:46,194 [Worker-26: Building] INFO  o.a.m.s.f.DefaultMavenResourcesFiltering - Copying 0 resource from src\main\resources to target\classes
2025-02-03 14:25:46,201 [Worker-26: Building] WARN  o.a.m.s.f.DefaultMavenResourcesFiltering - Using platform encoding (UTF-8 actually) to copy filtered resources, i.e. build is platform dependent!
2025-02-03 14:25:46,203 [Worker-26: Building] INFO  o.a.m.s.f.DefaultMavenResourcesFiltering - Copying 0 resource from src\test\resources to target\test-classes
2025-02-03 14:27:15,396 [main] INFO  o.e.m.jdt.internal.UnitTestSupport - Updating Calctest from maven configuration
2025-02-03 14:27:16,113 [main] INFO  o.e.m.c.i.e.AbstractTransferListenerAdapter - Downloading https://repo.maven.apache.org/maven2/org/apache/maven/surefire/maven-surefire-common/3.2.5/maven-surefire-common-3.2.5.pom
2025-02-03 14:27:16,119 [main] INFO  o.e.m.c.i.e.AbstractTransferListenerAdapter - Downloaded https://repo.maven.apache.org/maven2/org/apache/maven/surefire/maven-surefire-common/3.2.5/maven-surefire-common-3.2.5.pom
2025-02-03 14:27:16,439 [main] INFO  o.e.m.c.i.e.AbstractTransferListenerAdapter - Downloading https://repo.maven.apache.org/maven2/org/apache/maven/surefire/surefire-api/3.2.5/surefire-api-3.2.5.pom
2025-02-03 14:27:16,445 [main] INFO  o.e.m.c.i.e.AbstractTransferListenerAdapter - Downloaded https://repo.maven.apache.org/maven2/org/apache/maven/surefire/surefire-api/3.2.5/surefire-api-3.2.5.pom
2025-02-03 14:27:16,481 [main] INFO  o.e.m.c.i.e.AbstractTransferListenerAdapter - Downloading https://repo.maven.apache.org/maven2/org/apache/maven/surefire/surefire-logger-api/3.2.5/surefire-logger-api-3.2.5.pom
2025-02-03 14:27:17,039 [main] INFO  o.e.m.c.i.e.AbstractTransferListenerAdapter - Downloaded https://repo.maven.apache.org/maven2/org/apache/maven/surefire/surefire-logger-api/3.2.5/surefire-logger-api-3.2.5.pom
2025-02-03 14:27:17,323 [main] INFO  o.e.m.c.i.e.AbstractTransferListenerAdapter - Downloading https://repo.maven.apache.org/maven2/org/apache/maven/surefire/surefire-shared-utils/3.2.5/surefire-shared-utils-3.2.5.pom
2025-02-03 14:27:17,329 [main] INFO  o.e.m.c.i.e.AbstractTransferListenerAdapter - Downloaded https://repo.maven.apache.org/maven2/org/apache/maven/surefire/surefire-shared-utils/3.2.5/surefire-shared-utils-3.2.5.pom
2025-02-03 14:27:17,407 [main] INFO  o.e.m.c.i.e.AbstractTransferListenerAdapter - Downloading https://repo.maven.apache.org/maven2/org/apache/maven/surefire/surefire-extensions-api/3.2.5/surefire-extensions-api-3.2.5.pom
2025-02-03 14:27:17,417 [main] INFO  o.e.m.c.i.e.AbstractTransferListenerAdapter - Downloaded https://repo.maven.apache.org/maven2/org/apache/maven/surefire/surefire-extensions-api/3.2.5/surefire-extensions-api-3.2.5.pom
2025-02-03 14:27:17,460 [main] INFO  o.e.m.c.i.e.AbstractTransferListenerAdapter - Downloading https://repo.maven.apache.org/maven2/org/apache/maven/surefire/surefire-booter/3.2.5/surefire-booter-3.2.5.pom
2025-02-03 14:27:17,464 [main] INFO  o.e.m.c.i.e.AbstractTransferListenerAdapter - Downloaded https://repo.maven.apache.org/maven2/org/apache/maven/surefire/surefire-booter/3.2.5/surefire-booter-3.2.5.pom
2025-02-03 14:27:17,495 [main] INFO  o.e.m.c.i.e.AbstractTransferListenerAdapter - Downloading https://repo.maven.apache.org/maven2/org/apache/maven/surefire/surefire-extensions-spi/3.2.5/surefire-extensions-spi-3.2.5.pom
2025-02-03 14:27:17,500 [main] INFO  o.e.m.c.i.e.AbstractTransferListenerAdapter - Downloaded https://repo.maven.apache.org/maven2/org/apache/maven/surefire/surefire-extensions-spi/3.2.5/surefire-extensions-spi-3.2.5.pom
2025-02-03 14:27:17,769 [main] INFO  o.e.m.c.i.e.AbstractTransferListenerAdapter - Downloading https://repo.maven.apache.org/maven2/commons-io/commons-io/2.15.1/commons-io-2.15.1.pom
2025-02-03 14:27:17,797 [main] INFO  o.e.m.c.i.e.AbstractTransferListenerAdapter - Downloaded https://repo.maven.apache.org/maven2/commons-io/commons-io/2.15.1/commons-io-2.15.1.pom
2025-02-03 14:27:17,841 [main] INFO  o.e.m.c.i.e.AbstractTransferListenerAdapter - Downloading https://repo.maven.apache.org/maven2/org/apache/commons/commons-parent/65/commons-parent-65.pom
2025-02-03 14:27:17,883 [main] INFO  o.e.m.c.i.e.AbstractTransferListenerAdapter - Downloaded https://repo.maven.apache.org/maven2/org/apache/commons/commons-parent/65/commons-parent-65.pom
2025-02-03 14:27:18,039 [main] INFO  o.e.m.c.i.e.AbstractTransferListenerAdapter - Downloading https://repo.maven.apache.org/maven2/org/apache/maven/surefire/maven-surefire-common/3.2.5/maven-surefire-common-3.2.5.jar
2025-02-03 14:27:18,231 [main] INFO  o.e.m.c.i.e.AbstractTransferListenerAdapter - Downloaded https://repo.maven.apache.org/maven2/org/apache/maven/surefire/maven-surefire-common/3.2.5/maven-surefire-common-3.2.5.jar
2025-02-03 14:27:18,274 [BasicRepositoryConnector-repo.maven.apache.org-2-0] INFO  o.e.m.c.i.e.AbstractTransferListenerAdapter - Downloading https://repo.maven.apache.org/maven2/org/apache/maven/surefire/surefire-api/3.2.5/surefire-api-3.2.5.jar
2025-02-03 14:27:18,330 [BasicRepositoryConnector-repo.maven.apache.org-2-1] INFO  o.e.m.c.i.e.AbstractTransferListenerAdapter - Downloading https://repo.maven.apache.org/maven2/org/apache/maven/surefire/surefire-logger-api/3.2.5/surefire-logger-api-3.2.5.jar
2025-02-03 14:27:18,332 [BasicRepositoryConnector-repo.maven.apache.org-2-3] INFO  o.e.m.c.i.e.AbstractTransferListenerAdapter - Downloading https://repo.maven.apache.org/maven2/org/apache/maven/surefire/surefire-booter/3.2.5/surefire-booter-3.2.5.jar
2025-02-03 14:27:18,333 [BasicRepositoryConnector-repo.maven.apache.org-2-4] INFO  o.e.m.c.i.e.AbstractTransferListenerAdapter - Downloading https://repo.maven.apache.org/maven2/org/apache/maven/surefire/surefire-extensions-spi/3.2.5/surefire-extensions-spi-3.2.5.jar
2025-02-03 14:27:18,336 [BasicRepositoryConnector-repo.maven.apache.org-2-2] INFO  o.e.m.c.i.e.AbstractTransferListenerAdapter - Downloading https://repo.maven.apache.org/maven2/org/apache/maven/surefire/surefire-extensions-api/3.2.5/surefire-extensions-api-3.2.5.jar
2025-02-03 14:27:18,348 [BasicRepositoryConnector-repo.maven.apache.org-2-4] INFO  o.e.m.c.i.e.AbstractTransferListenerAdapter - Downloaded https://repo.maven.apache.org/maven2/org/apache/maven/surefire/surefire-extensions-spi/3.2.5/surefire-extensions-spi-3.2.5.jar
2025-02-03 14:27:18,349 [BasicRepositoryConnector-repo.maven.apache.org-2-1] INFO  o.e.m.c.i.e.AbstractTransferListenerAdapter - Downloaded https://repo.maven.apache.org/maven2/org/apache/maven/surefire/surefire-logger-api/3.2.5/surefire-logger-api-3.2.5.jar
2025-02-03 14:27:18,352 [BasicRepositoryConnector-repo.maven.apache.org-2-2] INFO  o.e.m.c.i.e.AbstractTransferListenerAdapter - Downloaded https://repo.maven.apache.org/maven2/org/apache/maven/surefire/surefire-extensions-api/3.2.5/surefire-extensions-api-3.2.5.jar
2025-02-03 14:27:18,368 [BasicRepositoryConnector-repo.maven.apache.org-2-0] INFO  o.e.m.c.i.e.AbstractTransferListenerAdapter - Downloaded https://repo.maven.apache.org/maven2/org/apache/maven/surefire/surefire-api/3.2.5/surefire-api-3.2.5.jar
2025-02-03 14:27:18,381 [BasicRepositoryConnector-repo.maven.apache.org-2-1] INFO  o.e.m.c.i.e.AbstractTransferListenerAdapter - Downloading https://repo.maven.apache.org/maven2/org/apache/maven/surefire/surefire-shared-utils/3.2.5/surefire-shared-utils-3.2.5.jar
2025-02-03 14:27:18,385 [BasicRepositoryConnector-repo.maven.apache.org-2-4] INFO  o.e.m.c.i.e.AbstractTransferListenerAdapter - Downloading https://repo.maven.apache.org/maven2/commons-io/commons-io/2.15.1/commons-io-2.15.1.jar
2025-02-03 14:27:18,406 [BasicRepositoryConnector-repo.maven.apache.org-2-3] INFO  o.e.m.c.i.e.AbstractTransferListenerAdapter - Downloaded https://repo.maven.apache.org/maven2/org/apache/maven/surefire/surefire-booter/3.2.5/surefire-booter-3.2.5.jar
2025-02-03 14:27:18,523 [BasicRepositoryConnector-repo.maven.apache.org-2-4] INFO  o.e.m.c.i.e.AbstractTransferListenerAdapter - Downloaded https://repo.maven.apache.org/maven2/commons-io/commons-io/2.15.1/commons-io-2.15.1.jar
2025-02-03 14:27:18,889 [BasicRepositoryConnector-repo.maven.apache.org-2-1] INFO  o.e.m.c.i.e.AbstractTransferListenerAdapter - Downloaded https://repo.maven.apache.org/maven2/org/apache/maven/surefire/surefire-shared-utils/3.2.5/surefire-shared-utils-3.2.5.jar
2025-02-03 14:27:30,457 [Worker-27: Launching Calctest] INFO  o.e.m.c.i.l.LifecycleMappingFactory - Using org.eclipse.m2e.jdt.JarLifecycleMapping lifecycle mapping for MavenProject: com.telusko.learning:Junit-01:0.0.1-SNAPSHOT @ C:\Users\jayan\eclipse-workspace\Junit-01\pom.xml.
2025-02-03 14:27:30,744 [Worker-27: Launching Calctest] WARN  o.a.m.s.f.DefaultMavenResourcesFiltering - Using platform encoding (UTF-8 actually) to copy filtered resources, i.e. build is platform dependent!
2025-02-03 14:27:30,753 [Worker-27: Launching Calctest] INFO  o.a.m.s.f.DefaultMavenResourcesFiltering - Copying 0 resource from src\main\resources to target\classes
2025-02-03 14:27:30,761 [Worker-27: Launching Calctest] WARN  o.a.m.s.f.DefaultMavenResourcesFiltering - Using platform encoding (UTF-8 actually) to copy filtered resources, i.e. build is platform dependent!
2025-02-03 14:27:30,764 [Worker-27: Launching Calctest] INFO  o.a.m.s.f.DefaultMavenResourcesFiltering - Copying 0 resource from src\test\resources to target\test-classes
2025-02-03 14:28:55,549 [Worker-24: Launching Calctest] WARN  o.a.m.s.f.DefaultMavenResourcesFiltering - Using platform encoding (UTF-8 actually) to copy filtered resources, i.e. build is platform dependent!
2025-02-03 14:28:55,553 [Worker-24: Launching Calctest] INFO  o.a.m.s.f.DefaultMavenResourcesFiltering - Copying 0 resource from src\main\resources to target\classes
2025-02-03 14:28:55,558 [Worker-24: Launching Calctest] WARN  o.a.m.s.f.DefaultMavenResourcesFiltering - Using platform encoding (UTF-8 actually) to copy filtered resources, i.e. build is platform dependent!
2025-02-03 14:28:55,561 [Worker-24: Launching Calctest] INFO  o.a.m.s.f.DefaultMavenResourcesFiltering - Copying 0 resource from src\test\resources to target\test-classes
2025-02-03 14:29:47,201 [Worker-24: Launching Calctest] WARN  o.a.m.s.f.DefaultMavenResourcesFiltering - Using platform encoding (UTF-8 actually) to copy filtered resources, i.e. build is platform dependent!
2025-02-03 14:29:47,204 [Worker-24: Launching Calctest] INFO  o.a.m.s.f.DefaultMavenResourcesFiltering - Copying 0 resource from src\main\resources to target\classes
2025-02-03 14:29:47,209 [Worker-24: Launching Calctest] WARN  o.a.m.s.f.DefaultMavenResourcesFiltering - Using platform encoding (UTF-8 actually) to copy filtered resources, i.e. build is platform dependent!
2025-02-03 14:29:47,211 [Worker-24: Launching Calctest] INFO  o.a.m.s.f.DefaultMavenResourcesFiltering - Copying 0 resource from src\test\resources to target\test-classes
2025-02-03 14:30:46,905 [Worker-8: Launching Calctest] WARN  o.a.m.s.f.DefaultMavenResourcesFiltering - Using platform encoding (UTF-8 actually) to copy filtered resources, i.e. build is platform dependent!
2025-02-03 14:30:46,908 [Worker-8: Launching Calctest] INFO  o.a.m.s.f.DefaultMavenResourcesFiltering - Copying 0 resource from src\main\resources to target\classes
2025-02-03 14:30:46,913 [Worker-8: Launching Calctest] WARN  o.a.m.s.f.DefaultMavenResourcesFiltering - Using platform encoding (UTF-8 actually) to copy filtered resources, i.e. build is platform dependent!
2025-02-03 14:30:46,917 [Worker-8: Launching Calctest] INFO  o.a.m.s.f.DefaultMavenResourcesFiltering - Copying 0 resource from src\test\resources to target\test-classes
2025-02-03 14:31:34,162 [Worker-24: Building] WARN  o.a.m.s.f.DefaultMavenResourcesFiltering - Using platform encoding (UTF-8 actually) to copy filtered resources, i.e. build is platform dependent!
2025-02-03 14:31:34,164 [Worker-24: Building] INFO  o.a.m.s.f.DefaultMavenResourcesFiltering - Copying 0 resource from src\main\resources to target\classes
2025-02-03 14:31:34,171 [Worker-24: Building] WARN  o.a.m.s.f.DefaultMavenResourcesFiltering - Using platform encoding (UTF-8 actually) to copy filtered resources, i.e. build is platform dependent!
2025-02-03 14:31:34,173 [Worker-24: Building] INFO  o.a.m.s.f.DefaultMavenResourcesFiltering - Copying 0 resource from src\test\resources to target\test-classes
2025-02-03 14:33:28,880 [Worker-24: Building] WARN  o.a.m.s.f.DefaultMavenResourcesFiltering - Using platform encoding (UTF-8 actually) to copy filtered resources, i.e. build is platform dependent!
2025-02-03 14:33:28,885 [Worker-24: Building] INFO  o.a.m.s.f.DefaultMavenResourcesFiltering - Copying 0 resource from src\main\resources to target\classes
2025-02-03 14:33:28,891 [Worker-24: Building] WARN  o.a.m.s.f.DefaultMavenResourcesFiltering - Using platform encoding (UTF-8 actually) to copy filtered resources, i.e. build is platform dependent!
2025-02-03 14:33:28,893 [Worker-24: Building] INFO  o.a.m.s.f.DefaultMavenResourcesFiltering - Copying 0 resource from src\test\resources to target\test-classes
2025-02-03 14:36:33,756 [main] INFO  o.e.m.jdt.internal.UnitTestSupport - Updating CalcTest from maven configuration
2025-02-03 14:37:04,311 [Worker-26: Launching CalcTest] WARN  o.a.m.s.f.DefaultMavenResourcesFiltering - Using platform encoding (UTF-8 actually) to copy filtered resources, i.e. build is platform dependent!
2025-02-03 14:37:04,312 [Worker-26: Launching CalcTest] INFO  o.a.m.s.f.DefaultMavenResourcesFiltering - Copying 0 resource from src\main\resources to target\classes
2025-02-03 14:37:04,315 [Worker-26: Launching CalcTest] WARN  o.a.m.s.f.DefaultMavenResourcesFiltering - Using platform encoding (UTF-8 actually) to copy filtered resources, i.e. build is platform dependent!
2025-02-03 14:37:04,317 [Worker-26: Launching CalcTest] INFO  o.a.m.s.f.DefaultMavenResourcesFiltering - Copying 0 resource from src\test\resources to target\test-classes
2025-02-03 14:39:44,724 [Worker-26: Launching CalcTest] WARN  o.a.m.s.f.DefaultMavenResourcesFiltering - Using platform encoding (UTF-8 actually) to copy filtered resources, i.e. build is platform dependent!
2025-02-03 14:39:44,727 [Worker-26: Launching CalcTest] INFO  o.a.m.s.f.DefaultMavenResourcesFiltering - Copying 0 resource from src\main\resources to target\classes
2025-02-03 14:39:44,729 [Worker-26: Launching CalcTest] WARN  o.a.m.s.f.DefaultMavenResourcesFiltering - Using platform encoding (UTF-8 actually) to copy filtered resources, i.e. build is platform dependent!
2025-02-03 14:39:44,731 [Worker-26: Launching CalcTest] INFO  o.a.m.s.f.DefaultMavenResourcesFiltering - Copying 0 resource from src\test\resources to target\test-classes
2025-02-07 09:28:35,716 [Worker-6: Loading available Gradle versions] INFO  o.e.b.c.i.u.g.PublishedGradleVersions - Gradle version information cache is out-of-date. Trying to update.
2025-02-07 17:58:48,130 [Worker-20: Loading available Gradle versions] INFO  o.e.b.c.i.u.g.PublishedGradleVersions - Gradle version information cache is up-to-date. Trying to read.
2025-02-07 18:01:01,137 [Worker-5: Creating project "Junit-06maven"] INFO  o.e.m.c.i.l.LifecycleMappingFactory - Using org.eclipse.m2e.jdt.JarLifecycleMapping lifecycle mapping for MavenProject: com.telusko.learning:Junit-06maven:0.0.1-SNAPSHOT @ C:\Users\jayan\eclipse-workspace\Junit-06maven\pom.xml.
2025-02-07 18:01:02,247 [Worker-5: Creating project "Junit-06maven"] INFO  o.e.m.j.i.AbstractJavaProjectConfigurator - Adding source folder /Junit-06maven/src/main/java
2025-02-07 18:01:02,251 [Worker-5: Creating project "Junit-06maven"] INFO  o.e.m.j.i.AbstractJavaProjectConfigurator - Adding resource folder /Junit-06maven/src/main/resources
2025-02-07 18:01:02,252 [Worker-5: Creating project "Junit-06maven"] INFO  o.e.m.j.i.AbstractJavaProjectConfigurator - Adding source folder /Junit-06maven/src/test/java
2025-02-07 18:01:02,253 [Worker-5: Creating project "Junit-06maven"] INFO  o.e.m.j.i.AbstractJavaProjectConfigurator - Adding resource folder /Junit-06maven/src/test/resources
2025-02-07 18:01:02,873 [Worker-5: Building] WARN  o.a.m.s.f.DefaultMavenResourcesFiltering - Using platform encoding (UTF-8 actually) to copy filtered resources, i.e. build is platform dependent!
2025-02-07 18:01:02,882 [Worker-5: Building] INFO  o.a.m.s.f.DefaultMavenResourcesFiltering - Copying 0 resource from src\main\resources to target\classes
2025-02-07 18:01:02,889 [Worker-5: Building] WARN  o.a.m.s.f.DefaultMavenResourcesFiltering - Using platform encoding (UTF-8 actually) to copy filtered resources, i.e. build is platform dependent!
2025-02-07 18:01:02,892 [Worker-5: Building] INFO  o.a.m.s.f.DefaultMavenResourcesFiltering - Copying 0 resource from src\test\resources to target\test-classes
2025-02-07 18:25:02,689 [Worker-38: Building] INFO  o.e.m.c.i.l.LifecycleMappingFactory - Using org.eclipse.m2e.jdt.JarLifecycleMapping lifecycle mapping for MavenProject: com.telusko.learning:Junit-06maven:0.0.1-SNAPSHOT @ C:\Users\jayan\eclipse-workspace\Junit-06maven\pom.xml.
2025-02-07 18:25:03,494 [Worker-38: Building] INFO  o.e.m.c.i.e.AbstractTransferListenerAdapter - Downloaded https://repo.maven.apache.org/maven2/org/junit/jupiter/junit-jupiter/$%7Bjunit.jupiter.version/junit-jupiter-$%7Bjunit.jupiter.version.pom
2025-02-07 18:25:03,499 [Worker-38: Building] WARN  o.e.m.c.i.embedder.EclipseLogger - The POM for org.junit.jupiter:junit-jupiter:jar:${junit.jupiter.version is missing, no dependency information available
2025-02-07 18:25:03,832 [Worker-38: Building] INFO  o.e.m.c.i.e.AbstractTransferListenerAdapter - Downloaded https://repo.maven.apache.org/maven2/org/junit/jupiter/junit-jupiter/$%7Bjunit.jupiter.version/junit-jupiter-$%7Bjunit.jupiter.version.jar
2025-02-07 18:25:04,189 [Worker-38: Building] INFO  o.a.m.s.f.DefaultMavenResourcesFiltering - Copying 0 resource from src\main\resources to target\classes
2025-02-07 18:25:04,203 [Worker-38: Building] INFO  o.a.m.s.f.DefaultMavenResourcesFiltering - Copying 0 resource from src\test\resources to target\test-classes
2025-02-07 18:25:05,355 [Worker-32: Download sources and javadoc] INFO  o.e.m.c.i.e.AbstractTransferListenerAdapter - Downloaded https://repo.maven.apache.org/maven2/org/junit/jupiter/junit-jupiter/$%7Bjunit.jupiter.version/junit-jupiter-$%7Bjunit.jupiter.version-sources.jar
2025-02-07 18:25:05,364 [Worker-32: Download sources and javadoc] ERROR o.e.m.j.internal.DownloadSourcesJob - Could not download sources for org.junit.jupiter:junit-jupiter:${junit.jupiter.version
org.eclipse.core.runtime.CoreException: Could not resolve artifact org.junit.jupiter:junit-jupiter:jar:sources:${junit.jupiter.version
	at org.eclipse.m2e.core.internal.embedder.MavenImpl.lambda$7(MavenImpl.java:540)
	at org.eclipse.m2e.core.internal.embedder.MavenExecutionContext.executeBare(MavenExecutionContext.java:458)
	at org.eclipse.m2e.core.internal.embedder.MavenExecutionContext.execute(MavenExecutionContext.java:292)
	at org.eclipse.m2e.core.internal.embedder.MavenExecutionContext.execute(MavenExecutionContext.java:278)
	at org.eclipse.m2e.core.internal.embedder.MavenImpl.resolve(MavenImpl.java:509)
	at org.eclipse.m2e.core.internal.embedder.MavenImpl.resolve(MavenImpl.java:494)
	at org.eclipse.m2e.jdt.internal.DownloadSourcesJob.download(DownloadSourcesJob.java:308)
	at org.eclipse.m2e.jdt.internal.DownloadSourcesJob.downloadAttachments(DownloadSourcesJob.java:282)
	at org.eclipse.m2e.jdt.internal.DownloadSourcesJob.downloadMaven(DownloadSourcesJob.java:252)
	at org.eclipse.m2e.jdt.internal.DownloadSourcesJob.downloadFilesAndPopulateToUpdate(DownloadSourcesJob.java:220)
	at org.eclipse.m2e.jdt.internal.DownloadSourcesJob.lambda$0(DownloadSourcesJob.java:149)
	at org.eclipse.m2e.core.internal.embedder.MavenExecutionContext.executeBare(MavenExecutionContext.java:458)
	at org.eclipse.m2e.core.internal.embedder.MavenExecutionContext.execute(MavenExecutionContext.java:339)
	at org.eclipse.m2e.core.internal.embedder.MavenExecutionContext.execute(MavenExecutionContext.java:278)
	at org.eclipse.m2e.core.embedder.IMaven.execute(IMaven.java:300)
	at org.eclipse.m2e.jdt.internal.DownloadSourcesJob.run(DownloadSourcesJob.java:149)
	at org.eclipse.core.internal.jobs.Worker.run(Worker.java:63)
2025-02-07 18:25:32,838 [Worker-40: Updating Maven Project] INFO  o.e.m.c.i.p.ProjectConfigurationManager - Update started
2025-02-07 18:25:33,199 [Worker-40: Updating Maven Project] INFO  o.e.m.c.i.l.LifecycleMappingFactory - Using org.eclipse.m2e.jdt.JarLifecycleMapping lifecycle mapping for MavenProject: com.telusko.learning:Junit-06maven:0.0.1-SNAPSHOT @ C:\Users\jayan\eclipse-workspace\Junit-06maven\pom.xml.
2025-02-07 18:25:33,204 [Worker-40: Updating Maven Project] WARN  o.e.m.c.i.embedder.EclipseLogger - The POM for org.junit.jupiter:junit-jupiter:jar:${junit.jupiter.version is missing, no dependency information available
2025-02-07 18:25:33,444 [Worker-40: Updating Maven Project] INFO  o.e.m.j.i.AbstractJavaProjectConfigurator - Adding source folder /Junit-06maven/src/main/java
2025-02-07 18:25:33,447 [Worker-40: Updating Maven Project] INFO  o.e.m.j.i.AbstractJavaProjectConfigurator - Adding resource folder /Junit-06maven/src/main/resources
2025-02-07 18:25:33,459 [Worker-40: Updating Maven Project] INFO  o.e.m.j.i.AbstractJavaProjectConfigurator - Adding source folder /Junit-06maven/src/test/java
2025-02-07 18:25:33,460 [Worker-40: Updating Maven Project] INFO  o.e.m.j.i.AbstractJavaProjectConfigurator - Adding resource folder /Junit-06maven/src/test/resources
2025-02-07 18:25:33,610 [Worker-40: Updating Maven Project] INFO  o.e.m.c.i.p.ProjectConfigurationManager - Update completed for 1 poms: local refresh takes 0.00 sec, refresh facades takes 0.00 sec, update config takes 0.00 sec 
2025-02-07 18:25:33,755 [Worker-32: Building] INFO  o.a.m.s.f.DefaultMavenResourcesFiltering - Copying 0 resource from src\main\resources to target\classes
2025-02-07 18:25:33,764 [Worker-32: Building] INFO  o.a.m.s.f.DefaultMavenResourcesFiltering - Copying 0 resource from src\test\resources to target\test-classes
2025-02-07 18:25:35,179 [Worker-39: Download sources and javadoc] INFO  o.e.m.c.i.e.AbstractTransferListenerAdapter - Downloaded https://repo.maven.apache.org/maven2/org/junit/jupiter/junit-jupiter/$%7Bjunit.jupiter.version/junit-jupiter-$%7Bjunit.jupiter.version-javadoc.jar
2025-02-07 18:25:35,184 [Worker-39: Download sources and javadoc] ERROR o.e.m.j.internal.DownloadSourcesJob - Could not download javadoc for org.junit.jupiter:junit-jupiter:${junit.jupiter.version
org.eclipse.core.runtime.CoreException: Could not resolve artifact org.junit.jupiter:junit-jupiter:jar:javadoc:${junit.jupiter.version
	at org.eclipse.m2e.core.internal.embedder.MavenImpl.lambda$7(MavenImpl.java:540)
	at org.eclipse.m2e.core.internal.embedder.MavenExecutionContext.executeBare(MavenExecutionContext.java:458)
	at org.eclipse.m2e.core.internal.embedder.MavenExecutionContext.execute(MavenExecutionContext.java:292)
	at org.eclipse.m2e.core.internal.embedder.MavenExecutionContext.execute(MavenExecutionContext.java:278)
	at org.eclipse.m2e.core.internal.embedder.MavenImpl.resolve(MavenImpl.java:509)
	at org.eclipse.m2e.core.internal.embedder.MavenImpl.resolve(MavenImpl.java:494)
	at org.eclipse.m2e.jdt.internal.DownloadSourcesJob.download(DownloadSourcesJob.java:308)
	at org.eclipse.m2e.jdt.internal.DownloadSourcesJob.downloadAttachments(DownloadSourcesJob.java:294)
	at org.eclipse.m2e.jdt.internal.DownloadSourcesJob.downloadMaven(DownloadSourcesJob.java:252)
	at org.eclipse.m2e.jdt.internal.DownloadSourcesJob.downloadFilesAndPopulateToUpdate(DownloadSourcesJob.java:220)
	at org.eclipse.m2e.jdt.internal.DownloadSourcesJob.lambda$0(DownloadSourcesJob.java:149)
	at org.eclipse.m2e.core.internal.embedder.MavenExecutionContext.executeBare(MavenExecutionContext.java:458)
	at org.eclipse.m2e.core.internal.embedder.MavenExecutionContext.execute(MavenExecutionContext.java:339)
	at org.eclipse.m2e.core.internal.embedder.MavenExecutionContext.execute(MavenExecutionContext.java:278)
	at org.eclipse.m2e.core.embedder.IMaven.execute(IMaven.java:300)
	at org.eclipse.m2e.jdt.internal.DownloadSourcesJob.run(DownloadSourcesJob.java:149)
	at org.eclipse.core.internal.jobs.Worker.run(Worker.java:63)
2025-02-07 18:26:54,504 [Worker-32: Building] INFO  o.e.m.c.i.l.LifecycleMappingFactory - Using org.eclipse.m2e.jdt.JarLifecycleMapping lifecycle mapping for MavenProject: com.telusko.learning:Junit-06maven:0.0.1-SNAPSHOT @ C:\Users\jayan\eclipse-workspace\Junit-06maven\pom.xml.
2025-02-07 18:26:54,993 [Worker-32: Building] INFO  o.e.m.c.i.e.AbstractTransferListenerAdapter - Downloading https://repo.maven.apache.org/maven2/org/junit/jupiter/junit-jupiter/5.10.0/junit-jupiter-5.10.0.pom
2025-02-07 18:26:55,016 [Worker-32: Building] INFO  o.e.m.c.i.e.AbstractTransferListenerAdapter - Downloaded https://repo.maven.apache.org/maven2/org/junit/jupiter/junit-jupiter/5.10.0/junit-jupiter-5.10.0.pom
2025-02-07 18:26:55,316 [Worker-32: Building] INFO  o.e.m.c.i.e.AbstractTransferListenerAdapter - Downloading https://repo.maven.apache.org/maven2/org/junit/jupiter/junit-jupiter-api/5.10.0/junit-jupiter-api-5.10.0.pom
2025-02-07 18:26:55,326 [Worker-32: Building] INFO  o.e.m.c.i.e.AbstractTransferListenerAdapter - Downloaded https://repo.maven.apache.org/maven2/org/junit/jupiter/junit-jupiter-api/5.10.0/junit-jupiter-api-5.10.0.pom
2025-02-07 18:26:55,370 [Worker-32: Building] INFO  o.e.m.c.i.e.AbstractTransferListenerAdapter - Downloading https://repo.maven.apache.org/maven2/org/junit/platform/junit-platform-commons/1.10.0/junit-platform-commons-1.10.0.pom
2025-02-07 18:26:55,380 [Worker-32: Building] INFO  o.e.m.c.i.e.AbstractTransferListenerAdapter - Downloaded https://repo.maven.apache.org/maven2/org/junit/platform/junit-platform-commons/1.10.0/junit-platform-commons-1.10.0.pom
2025-02-07 18:26:55,538 [Worker-32: Building] INFO  o.e.m.c.i.e.AbstractTransferListenerAdapter - Downloading https://repo.maven.apache.org/maven2/org/junit/jupiter/junit-jupiter-params/5.10.0/junit-jupiter-params-5.10.0.pom
2025-02-07 18:26:55,543 [Worker-32: Building] INFO  o.e.m.c.i.e.AbstractTransferListenerAdapter - Downloaded https://repo.maven.apache.org/maven2/org/junit/jupiter/junit-jupiter-params/5.10.0/junit-jupiter-params-5.10.0.pom
2025-02-07 18:26:55,679 [Worker-32: Building] INFO  o.e.m.c.i.e.AbstractTransferListenerAdapter - Downloading https://repo.maven.apache.org/maven2/org/junit/jupiter/junit-jupiter-engine/5.10.0/junit-jupiter-engine-5.10.0.pom
2025-02-07 18:26:55,687 [Worker-32: Building] INFO  o.e.m.c.i.e.AbstractTransferListenerAdapter - Downloaded https://repo.maven.apache.org/maven2/org/junit/jupiter/junit-jupiter-engine/5.10.0/junit-jupiter-engine-5.10.0.pom
2025-02-07 18:26:55,745 [Worker-32: Building] INFO  o.e.m.c.i.e.AbstractTransferListenerAdapter - Downloading https://repo.maven.apache.org/maven2/org/junit/platform/junit-platform-engine/1.10.0/junit-platform-engine-1.10.0.pom
2025-02-07 18:26:55,750 [Worker-32: Building] INFO  o.e.m.c.i.e.AbstractTransferListenerAdapter - Downloaded https://repo.maven.apache.org/maven2/org/junit/platform/junit-platform-engine/1.10.0/junit-platform-engine-1.10.0.pom
2025-02-07 18:26:55,882 [Worker-32: Building] INFO  o.e.m.c.i.e.AbstractTransferListenerAdapter - Downloading https://repo.maven.apache.org/maven2/org/junit/jupiter/junit-jupiter/5.10.0/junit-jupiter-5.10.0.jar
2025-02-07 18:26:55,891 [Worker-32: Building] INFO  o.e.m.c.i.e.AbstractTransferListenerAdapter - Downloaded https://repo.maven.apache.org/maven2/org/junit/jupiter/junit-jupiter/5.10.0/junit-jupiter-5.10.0.jar
2025-02-07 18:26:55,933 [BasicRepositoryConnector-repo.maven.apache.org-0-0] INFO  o.e.m.c.i.e.AbstractTransferListenerAdapter - Downloading https://repo.maven.apache.org/maven2/org/junit/jupiter/junit-jupiter-api/5.10.0/junit-jupiter-api-5.10.0.jar
2025-02-07 18:26:55,987 [BasicRepositoryConnector-repo.maven.apache.org-0-3] INFO  o.e.m.c.i.e.AbstractTransferListenerAdapter - Downloading https://repo.maven.apache.org/maven2/org/junit/jupiter/junit-jupiter-engine/5.10.0/junit-jupiter-engine-5.10.0.jar
2025-02-07 18:26:55,992 [BasicRepositoryConnector-repo.maven.apache.org-0-1] INFO  o.e.m.c.i.e.AbstractTransferListenerAdapter - Downloading https://repo.maven.apache.org/maven2/org/junit/platform/junit-platform-commons/1.10.0/junit-platform-commons-1.10.0.jar
2025-02-07 18:26:55,993 [BasicRepositoryConnector-repo.maven.apache.org-0-2] INFO  o.e.m.c.i.e.AbstractTransferListenerAdapter - Downloading https://repo.maven.apache.org/maven2/org/junit/jupiter/junit-jupiter-params/5.10.0/junit-jupiter-params-5.10.0.jar
2025-02-07 18:26:56,011 [BasicRepositoryConnector-repo.maven.apache.org-0-4] INFO  o.e.m.c.i.e.AbstractTransferListenerAdapter - Downloading https://repo.maven.apache.org/maven2/org/junit/platform/junit-platform-engine/1.10.0/junit-platform-engine-1.10.0.jar
2025-02-07 18:26:56,046 [BasicRepositoryConnector-repo.maven.apache.org-0-0] INFO  o.e.m.c.i.e.AbstractTransferListenerAdapter - Downloaded https://repo.maven.apache.org/maven2/org/junit/jupiter/junit-jupiter-api/5.10.0/junit-jupiter-api-5.10.0.jar
2025-02-07 18:26:56,066 [BasicRepositoryConnector-repo.maven.apache.org-0-1] INFO  o.e.m.c.i.e.AbstractTransferListenerAdapter - Downloaded https://repo.maven.apache.org/maven2/org/junit/platform/junit-platform-commons/1.10.0/junit-platform-commons-1.10.0.jar
2025-02-07 18:26:56,089 [BasicRepositoryConnector-repo.maven.apache.org-0-3] INFO  o.e.m.c.i.e.AbstractTransferListenerAdapter - Downloaded https://repo.maven.apache.org/maven2/org/junit/jupiter/junit-jupiter-engine/5.10.0/junit-jupiter-engine-5.10.0.jar
2025-02-07 18:26:56,104 [BasicRepositoryConnector-repo.maven.apache.org-0-4] INFO  o.e.m.c.i.e.AbstractTransferListenerAdapter - Downloaded https://repo.maven.apache.org/maven2/org/junit/platform/junit-platform-engine/1.10.0/junit-platform-engine-1.10.0.jar
2025-02-07 18:26:56,182 [BasicRepositoryConnector-repo.maven.apache.org-0-2] INFO  o.e.m.c.i.e.AbstractTransferListenerAdapter - Downloaded https://repo.maven.apache.org/maven2/org/junit/jupiter/junit-jupiter-params/5.10.0/junit-jupiter-params-5.10.0.jar
2025-02-07 18:26:56,393 [Worker-32: Building] INFO  o.a.m.s.f.DefaultMavenResourcesFiltering - Copying 0 resource from src\main\resources to target\classes
2025-02-07 18:26:56,401 [Worker-32: Building] INFO  o.a.m.s.f.DefaultMavenResourcesFiltering - Copying 0 resource from src\test\resources to target\test-classes
2025-02-07 18:26:57,690 [Worker-40: Download sources and javadoc] INFO  o.e.m.c.i.e.AbstractTransferListenerAdapter - Downloading https://repo.maven.apache.org/maven2/org/junit/jupiter/junit-jupiter/5.10.0/junit-jupiter-5.10.0-sources.jar
2025-02-07 18:26:57,703 [Worker-40: Download sources and javadoc] INFO  o.e.m.c.i.e.AbstractTransferListenerAdapter - Downloaded https://repo.maven.apache.org/maven2/org/junit/jupiter/junit-jupiter/5.10.0/junit-jupiter-5.10.0-sources.jar
2025-02-07 18:26:57,715 [Worker-40: Download sources and javadoc] INFO  o.e.m.j.internal.DownloadSourcesJob - Downloaded sources for org.junit.jupiter:junit-jupiter:5.10.0
2025-02-07 18:26:57,840 [Worker-40: Download sources and javadoc] INFO  o.e.m.c.i.e.AbstractTransferListenerAdapter - Downloading https://repo.maven.apache.org/maven2/org/junit/jupiter/junit-jupiter-api/5.10.0/junit-jupiter-api-5.10.0-sources.jar
2025-02-07 18:26:57,935 [Worker-40: Download sources and javadoc] INFO  o.e.m.c.i.e.AbstractTransferListenerAdapter - Downloaded https://repo.maven.apache.org/maven2/org/junit/jupiter/junit-jupiter-api/5.10.0/junit-jupiter-api-5.10.0-sources.jar
2025-02-07 18:26:57,949 [Worker-40: Download sources and javadoc] INFO  o.e.m.j.internal.DownloadSourcesJob - Downloaded sources for org.junit.jupiter:junit-jupiter-api:5.10.0
2025-02-07 18:26:58,067 [Worker-40: Download sources and javadoc] INFO  o.e.m.c.i.e.AbstractTransferListenerAdapter - Downloading https://repo.maven.apache.org/maven2/org/junit/platform/junit-platform-commons/1.10.0/junit-platform-commons-1.10.0-sources.jar
2025-02-07 18:26:58,137 [Worker-40: Download sources and javadoc] INFO  o.e.m.c.i.e.AbstractTransferListenerAdapter - Downloaded https://repo.maven.apache.org/maven2/org/junit/platform/junit-platform-commons/1.10.0/junit-platform-commons-1.10.0-sources.jar
2025-02-07 18:26:58,149 [Worker-40: Download sources and javadoc] INFO  o.e.m.j.internal.DownloadSourcesJob - Downloaded sources for org.junit.platform:junit-platform-commons:1.10.0
2025-02-07 18:26:58,287 [Worker-41: Building] INFO  o.a.m.s.f.DefaultMavenResourcesFiltering - Copying 0 resource from src\main\resources to target\classes
2025-02-07 18:26:58,300 [Worker-41: Building] INFO  o.a.m.s.f.DefaultMavenResourcesFiltering - Copying 0 resource from src\test\resources to target\test-classes
2025-02-07 18:26:58,304 [Worker-40: Download sources and javadoc] INFO  o.e.m.c.i.e.AbstractTransferListenerAdapter - Downloading https://repo.maven.apache.org/maven2/org/junit/jupiter/junit-jupiter-params/5.10.0/junit-jupiter-params-5.10.0-sources.jar
2025-02-07 18:26:58,359 [Worker-40: Download sources and javadoc] INFO  o.e.m.c.i.e.AbstractTransferListenerAdapter - Downloaded https://repo.maven.apache.org/maven2/org/junit/jupiter/junit-jupiter-params/5.10.0/junit-jupiter-params-5.10.0-sources.jar
2025-02-07 18:26:58,373 [Worker-40: Download sources and javadoc] INFO  o.e.m.j.internal.DownloadSourcesJob - Downloaded sources for org.junit.jupiter:junit-jupiter-params:5.10.0
2025-02-07 18:26:58,499 [Worker-40: Download sources and javadoc] INFO  o.e.m.c.i.e.AbstractTransferListenerAdapter - Downloading https://repo.maven.apache.org/maven2/org/junit/jupiter/junit-jupiter-engine/5.10.0/junit-jupiter-engine-5.10.0-sources.jar
2025-02-07 18:26:58,586 [Worker-40: Download sources and javadoc] INFO  o.e.m.c.i.e.AbstractTransferListenerAdapter - Downloaded https://repo.maven.apache.org/maven2/org/junit/jupiter/junit-jupiter-engine/5.10.0/junit-jupiter-engine-5.10.0-sources.jar
2025-02-07 18:26:58,597 [Worker-40: Download sources and javadoc] INFO  o.e.m.j.internal.DownloadSourcesJob - Downloaded sources for org.junit.jupiter:junit-jupiter-engine:5.10.0
2025-02-07 18:26:58,729 [Worker-40: Download sources and javadoc] INFO  o.e.m.c.i.e.AbstractTransferListenerAdapter - Downloading https://repo.maven.apache.org/maven2/org/junit/platform/junit-platform-engine/1.10.0/junit-platform-engine-1.10.0-sources.jar
2025-02-07 18:26:58,816 [Worker-40: Download sources and javadoc] INFO  o.e.m.c.i.e.AbstractTransferListenerAdapter - Downloaded https://repo.maven.apache.org/maven2/org/junit/platform/junit-platform-engine/1.10.0/junit-platform-engine-1.10.0-sources.jar
2025-02-07 18:26:58,823 [Worker-40: Download sources and javadoc] INFO  o.e.m.j.internal.DownloadSourcesJob - Downloaded sources for org.junit.platform:junit-platform-engine:1.10.0
2025-02-07 18:28:37,334 [Worker-40: Building] INFO  o.a.m.s.f.DefaultMavenResourcesFiltering - Copying 0 resource from src\main\resources to target\classes
2025-02-07 18:28:37,340 [Worker-40: Building] INFO  o.a.m.s.f.DefaultMavenResourcesFiltering - Copying 0 resource from src\test\resources to target\test-classes
2025-02-07 18:29:36,249 [main] INFO  o.e.m.jdt.internal.UnitTestSupport - Updating Testtrial from maven configuration
2025-02-07 18:29:39,385 [Worker-42: Launching Testtrial] INFO  o.a.m.s.f.DefaultMavenResourcesFiltering - Copying 0 resource from src\main\resources to target\classes
2025-02-07 18:29:39,395 [Worker-42: Launching Testtrial] INFO  o.a.m.s.f.DefaultMavenResourcesFiltering - Copying 0 resource from src\test\resources to target\test-classes
2025-02-07 18:29:40,370 [Worker-42: Launching Testtrial] INFO  o.e.m.c.i.e.AbstractTransferListenerAdapter - Downloading https://repo.maven.apache.org/maven2/org/junit/platform/junit-platform-launcher/1.10.0/junit-platform-launcher-1.10.0.jar
2025-02-07 18:29:40,576 [Worker-42: Launching Testtrial] INFO  o.e.m.c.i.e.AbstractTransferListenerAdapter - Downloaded https://repo.maven.apache.org/maven2/org/junit/platform/junit-platform-launcher/1.10.0/junit-platform-launcher-1.10.0.jar
2025-02-07 18:33:42,875 [Worker-43: Launching Testtrial] INFO  o.a.m.s.f.DefaultMavenResourcesFiltering - Copying 0 resource from src\main\resources to target\classes
2025-02-07 18:33:42,882 [Worker-43: Launching Testtrial] INFO  o.a.m.s.f.DefaultMavenResourcesFiltering - Copying 0 resource from src\test\resources to target\test-classes
2025-02-07 18:35:03,882 [Worker-35: Launching Testtrial] INFO  o.a.m.s.f.DefaultMavenResourcesFiltering - Copying 0 resource from src\main\resources to target\classes
2025-02-07 18:35:03,887 [Worker-35: Launching Testtrial] INFO  o.a.m.s.f.DefaultMavenResourcesFiltering - Copying 0 resource from src\test\resources to target\test-classes
2025-02-07 18:36:52,466 [Worker-32: Building] INFO  o.a.m.s.f.DefaultMavenResourcesFiltering - Copying 0 resource from src\main\resources to target\classes
2025-02-07 18:36:52,472 [Worker-32: Building] INFO  o.a.m.s.f.DefaultMavenResourcesFiltering - Copying 0 resource from src\test\resources to target\test-classes
2025-02-07 18:38:16,291 [Worker-32: Launching Testtrial] INFO  o.a.m.s.f.DefaultMavenResourcesFiltering - Copying 0 resource from src\main\resources to target\classes
2025-02-07 18:38:16,296 [Worker-32: Launching Testtrial] INFO  o.a.m.s.f.DefaultMavenResourcesFiltering - Copying 0 resource from src\test\resources to target\test-classes
2025-02-07 18:39:34,531 [main] INFO  o.e.m.jdt.internal.UnitTestSupport - Updating Testtrial.testcomputeSquareArea from maven configuration
2025-02-07 18:39:44,993 [main] INFO  o.e.m.jdt.internal.UnitTestSupport - Updating Testtrial.test from maven configuration
2025-02-07 18:44:10,203 [Worker-46: Launching Testtrial.testcomputeSquareArea] INFO  o.a.m.s.f.DefaultMavenResourcesFiltering - Copying 0 resource from src\main\resources to target\classes
2025-02-07 18:44:10,211 [Worker-46: Launching Testtrial.testcomputeSquareArea] INFO  o.a.m.s.f.DefaultMavenResourcesFiltering - Copying 0 resource from src\test\resources to target\test-classes
2025-02-07 18:46:31,735 [Worker-45: Building] INFO  o.e.m.c.i.e.AbstractTransferListenerAdapter - Downloading https://repo.maven.apache.org/maven2/org/apache/maven/plugins/maven-surefire-plugin/2.22.2/maven-surefire-plugin-2.22.2.jar
2025-02-07 18:46:31,878 [Worker-45: Building] INFO  o.e.m.c.i.e.AbstractTransferListenerAdapter - Downloaded https://repo.maven.apache.org/maven2/org/apache/maven/plugins/maven-surefire-plugin/2.22.2/maven-surefire-plugin-2.22.2.jar
2025-02-07 18:46:32,131 [Worker-45: Building] INFO  o.e.m.c.i.l.LifecycleMappingFactory - Using org.eclipse.m2e.jdt.JarLifecycleMapping lifecycle mapping for MavenProject: com.telusko.learning:Junit-06maven:0.0.1-SNAPSHOT @ C:\Users\jayan\eclipse-workspace\Junit-06maven\pom.xml.
2025-02-07 18:46:32,327 [Worker-45: Building] INFO  o.a.m.s.f.DefaultMavenResourcesFiltering - Copying 0 resource from src\main\resources to target\classes
2025-02-07 18:46:32,333 [Worker-45: Building] INFO  o.a.m.s.f.DefaultMavenResourcesFiltering - Copying 0 resource from src\test\resources to target\test-classes
2025-02-07 18:46:32,816 [Worker-45: Building] INFO  o.e.m.c.i.e.AbstractTransferListenerAdapter - Downloading https://repo.maven.apache.org/maven2/org/apache/maven/plugins/maven-surefire-plugin/2.22.2/maven-surefire-plugin-2.22.2.pom
2025-02-07 18:46:32,824 [Worker-45: Building] INFO  o.e.m.c.i.e.AbstractTransferListenerAdapter - Downloaded https://repo.maven.apache.org/maven2/org/apache/maven/plugins/maven-surefire-plugin/2.22.2/maven-surefire-plugin-2.22.2.pom
2025-02-07 18:46:32,869 [Worker-45: Building] INFO  o.e.m.c.i.e.AbstractTransferListenerAdapter - Downloading https://repo.maven.apache.org/maven2/org/apache/maven/surefire/surefire/2.22.2/surefire-2.22.2.pom
2025-02-07 18:46:32,924 [Worker-45: Building] INFO  o.e.m.c.i.e.AbstractTransferListenerAdapter - Downloaded https://repo.maven.apache.org/maven2/org/apache/maven/surefire/surefire/2.22.2/surefire-2.22.2.pom
2025-02-07 18:46:33,049 [Worker-45: Building] INFO  o.e.m.c.i.e.AbstractTransferListenerAdapter - Downloading https://repo.maven.apache.org/maven2/org/apache/maven/maven-parent/33/maven-parent-33.pom
2025-02-07 18:46:33,741 [Worker-45: Building] INFO  o.e.m.c.i.e.AbstractTransferListenerAdapter - Downloaded https://repo.maven.apache.org/maven2/org/apache/maven/maven-parent/33/maven-parent-33.pom
2025-02-07 18:47:02,480 [Worker-40: Launching Executing test in C__Users_jayan_eclipse-workspace_Junit-06maven] INFO  o.eclipse.m2e.core.internal.Bundles - getClasspathEntries(Bundle=org.eclipse.m2e.maven.runtime_3.9.900.20240824-1409 [298])
2025-02-07 18:47:02,483 [Worker-40: Launching Executing test in C__Users_jayan_eclipse-workspace_Junit-06maven] INFO  o.eclipse.m2e.core.internal.Bundles - 	Entry: C:\Users\jayan\.p2\pool\plugins\org.eclipse.m2e.maven.runtime_3.9.900.20240824-1409
2025-02-07 18:47:02,484 [Worker-40: Launching Executing test in C__Users_jayan_eclipse-workspace_Junit-06maven] INFO  o.eclipse.m2e.core.internal.Bundles - 	Entry: C:\Users\jayan\.p2\pool\plugins\org.eclipse.m2e.maven.runtime_3.9.900.20240824-1409\jars\aopalliance-1.0.jar
2025-02-07 18:47:02,485 [Worker-40: Launching Executing test in C__Users_jayan_eclipse-workspace_Junit-06maven] INFO  o.eclipse.m2e.core.internal.Bundles - 	Entry: C:\Users\jayan\.p2\pool\plugins\org.eclipse.m2e.maven.runtime_3.9.900.20240824-1409\jars\guice-5.1.0.jar
2025-02-07 18:47:02,485 [Worker-40: Launching Executing test in C__Users_jayan_eclipse-workspace_Junit-06maven] INFO  o.eclipse.m2e.core.internal.Bundles - 	Entry: C:\Users\jayan\.p2\pool\plugins\org.eclipse.m2e.maven.runtime_3.9.900.20240824-1409\jars\httpclient-4.5.14.jar
2025-02-07 18:47:02,485 [Worker-40: Launching Executing test in C__Users_jayan_eclipse-workspace_Junit-06maven] INFO  o.eclipse.m2e.core.internal.Bundles - 	Entry: C:\Users\jayan\.p2\pool\plugins\org.eclipse.m2e.maven.runtime_3.9.900.20240824-1409\jars\httpcore-4.4.16.jar
2025-02-07 18:47:02,485 [Worker-40: Launching Executing test in C__Users_jayan_eclipse-workspace_Junit-06maven] INFO  o.eclipse.m2e.core.internal.Bundles - 	Entry: C:\Users\jayan\.p2\pool\plugins\org.eclipse.m2e.maven.runtime_3.9.900.20240824-1409\jars\jansi-2.4.1.jar
2025-02-07 18:47:02,486 [Worker-40: Launching Executing test in C__Users_jayan_eclipse-workspace_Junit-06maven] INFO  o.eclipse.m2e.core.internal.Bundles - 	Entry: C:\Users\jayan\.p2\pool\plugins\org.eclipse.m2e.maven.runtime_3.9.900.20240824-1409\jars\jcl-over-slf4j-1.7.36.jar
2025-02-07 18:47:02,486 [Worker-40: Launching Executing test in C__Users_jayan_eclipse-workspace_Junit-06maven] INFO  o.eclipse.m2e.core.internal.Bundles - 	Entry: C:\Users\jayan\.p2\pool\plugins\org.eclipse.m2e.maven.runtime_3.9.900.20240824-1409\jars\maven-artifact-3.9.9.jar
2025-02-07 18:47:02,486 [Worker-40: Launching Executing test in C__Users_jayan_eclipse-workspace_Junit-06maven] INFO  o.eclipse.m2e.core.internal.Bundles - 	Entry: C:\Users\jayan\.p2\pool\plugins\org.eclipse.m2e.maven.runtime_3.9.900.20240824-1409\jars\maven-builder-support-3.9.9.jar
2025-02-07 18:47:02,487 [Worker-40: Launching Executing test in C__Users_jayan_eclipse-workspace_Junit-06maven] INFO  o.eclipse.m2e.core.internal.Bundles - 	Entry: C:\Users\jayan\.p2\pool\plugins\org.eclipse.m2e.maven.runtime_3.9.900.20240824-1409\jars\maven-compat-3.9.9.jar
2025-02-07 18:47:02,487 [Worker-40: Launching Executing test in C__Users_jayan_eclipse-workspace_Junit-06maven] INFO  o.eclipse.m2e.core.internal.Bundles - 	Entry: C:\Users\jayan\.p2\pool\plugins\org.eclipse.m2e.maven.runtime_3.9.900.20240824-1409\jars\maven-core-3.9.9.jar
2025-02-07 18:47:02,488 [Worker-40: Launching Executing test in C__Users_jayan_eclipse-workspace_Junit-06maven] INFO  o.eclipse.m2e.core.internal.Bundles - 	Entry: C:\Users\jayan\.p2\pool\plugins\org.eclipse.m2e.maven.runtime_3.9.900.20240824-1409\jars\maven-embedder-3.9.9.jar
2025-02-07 18:47:02,488 [Worker-40: Launching Executing test in C__Users_jayan_eclipse-workspace_Junit-06maven] INFO  o.eclipse.m2e.core.internal.Bundles - 	Entry: C:\Users\jayan\.p2\pool\plugins\org.eclipse.m2e.maven.runtime_3.9.900.20240824-1409\jars\maven-model-3.9.9.jar
2025-02-07 18:47:02,488 [Worker-40: Launching Executing test in C__Users_jayan_eclipse-workspace_Junit-06maven] INFO  o.eclipse.m2e.core.internal.Bundles - 	Entry: C:\Users\jayan\.p2\pool\plugins\org.eclipse.m2e.maven.runtime_3.9.900.20240824-1409\jars\maven-model-builder-3.9.9.jar
2025-02-07 18:47:02,489 [Worker-40: Launching Executing test in C__Users_jayan_eclipse-workspace_Junit-06maven] INFO  o.eclipse.m2e.core.internal.Bundles - 	Entry: C:\Users\jayan\.p2\pool\plugins\org.eclipse.m2e.maven.runtime_3.9.900.20240824-1409\jars\maven-plugin-api-3.9.9.jar
2025-02-07 18:47:02,489 [Worker-40: Launching Executing test in C__Users_jayan_eclipse-workspace_Junit-06maven] INFO  o.eclipse.m2e.core.internal.Bundles - 	Entry: C:\Users\jayan\.p2\pool\plugins\org.eclipse.m2e.maven.runtime_3.9.900.20240824-1409\jars\maven-repository-metadata-3.9.9.jar
2025-02-07 18:47:02,489 [Worker-40: Launching Executing test in C__Users_jayan_eclipse-workspace_Junit-06maven] INFO  o.eclipse.m2e.core.internal.Bundles - 	Entry: C:\Users\jayan\.p2\pool\plugins\org.eclipse.m2e.maven.runtime_3.9.900.20240824-1409\jars\maven-resolver-api-1.9.22.jar
2025-02-07 18:47:02,490 [Worker-40: Launching Executing test in C__Users_jayan_eclipse-workspace_Junit-06maven] INFO  o.eclipse.m2e.core.internal.Bundles - 	Entry: C:\Users\jayan\.p2\pool\plugins\org.eclipse.m2e.maven.runtime_3.9.900.20240824-1409\jars\maven-resolver-connector-basic-1.9.22.jar
2025-02-07 18:47:02,491 [Worker-40: Launching Executing test in C__Users_jayan_eclipse-workspace_Junit-06maven] INFO  o.eclipse.m2e.core.internal.Bundles - 	Entry: C:\Users\jayan\.p2\pool\plugins\org.eclipse.m2e.maven.runtime_3.9.900.20240824-1409\jars\maven-resolver-impl-1.9.22.jar
2025-02-07 18:47:02,492 [Worker-40: Launching Executing test in C__Users_jayan_eclipse-workspace_Junit-06maven] INFO  o.eclipse.m2e.core.internal.Bundles - 	Entry: C:\Users\jayan\.p2\pool\plugins\org.eclipse.m2e.maven.runtime_3.9.900.20240824-1409\jars\maven-resolver-named-locks-1.9.22.jar
2025-02-07 18:47:02,493 [Worker-40: Launching Executing test in C__Users_jayan_eclipse-workspace_Junit-06maven] INFO  o.eclipse.m2e.core.internal.Bundles - 	Entry: C:\Users\jayan\.p2\pool\plugins\org.eclipse.m2e.maven.runtime_3.9.900.20240824-1409\jars\maven-resolver-provider-3.9.9.jar
2025-02-07 18:47:02,494 [Worker-40: Launching Executing test in C__Users_jayan_eclipse-workspace_Junit-06maven] INFO  o.eclipse.m2e.core.internal.Bundles - 	Entry: C:\Users\jayan\.p2\pool\plugins\org.eclipse.m2e.maven.runtime_3.9.900.20240824-1409\jars\maven-resolver-spi-1.9.22.jar
2025-02-07 18:47:02,494 [Worker-40: Launching Executing test in C__Users_jayan_eclipse-workspace_Junit-06maven] INFO  o.eclipse.m2e.core.internal.Bundles - 	Entry: C:\Users\jayan\.p2\pool\plugins\org.eclipse.m2e.maven.runtime_3.9.900.20240824-1409\jars\maven-resolver-transport-file-1.9.22.jar
2025-02-07 18:47:02,495 [Worker-40: Launching Executing test in C__Users_jayan_eclipse-workspace_Junit-06maven] INFO  o.eclipse.m2e.core.internal.Bundles - 	Entry: C:\Users\jayan\.p2\pool\plugins\org.eclipse.m2e.maven.runtime_3.9.900.20240824-1409\jars\maven-resolver-transport-http-1.9.22.jar
2025-02-07 18:47:02,495 [Worker-40: Launching Executing test in C__Users_jayan_eclipse-workspace_Junit-06maven] INFO  o.eclipse.m2e.core.internal.Bundles - 	Entry: C:\Users\jayan\.p2\pool\plugins\org.eclipse.m2e.maven.runtime_3.9.900.20240824-1409\jars\maven-resolver-transport-wagon-1.9.22.jar
2025-02-07 18:47:02,496 [Worker-40: Launching Executing test in C__Users_jayan_eclipse-workspace_Junit-06maven] INFO  o.eclipse.m2e.core.internal.Bundles - 	Entry: C:\Users\jayan\.p2\pool\plugins\org.eclipse.m2e.maven.runtime_3.9.900.20240824-1409\jars\maven-resolver-util-1.9.22.jar
2025-02-07 18:47:02,496 [Worker-40: Launching Executing test in C__Users_jayan_eclipse-workspace_Junit-06maven] INFO  o.eclipse.m2e.core.internal.Bundles - 	Entry: C:\Users\jayan\.p2\pool\plugins\org.eclipse.m2e.maven.runtime_3.9.900.20240824-1409\jars\maven-settings-3.9.9.jar
2025-02-07 18:47:02,497 [Worker-40: Launching Executing test in C__Users_jayan_eclipse-workspace_Junit-06maven] INFO  o.eclipse.m2e.core.internal.Bundles - 	Entry: C:\Users\jayan\.p2\pool\plugins\org.eclipse.m2e.maven.runtime_3.9.900.20240824-1409\jars\maven-settings-builder-3.9.9.jar
2025-02-07 18:47:02,497 [Worker-40: Launching Executing test in C__Users_jayan_eclipse-workspace_Junit-06maven] INFO  o.eclipse.m2e.core.internal.Bundles - 	Entry: C:\Users\jayan\.p2\pool\plugins\org.eclipse.m2e.maven.runtime_3.9.900.20240824-1409\jars\maven-shared-utils-3.4.2.jar
2025-02-07 18:47:02,497 [Worker-40: Launching Executing test in C__Users_jayan_eclipse-workspace_Junit-06maven] INFO  o.eclipse.m2e.core.internal.Bundles - 	Entry: C:\Users\jayan\.p2\pool\plugins\org.eclipse.m2e.maven.runtime_3.9.900.20240824-1409\jars\org.eclipse.sisu.inject-0.9.0.M3.jar
2025-02-07 18:47:02,497 [Worker-40: Launching Executing test in C__Users_jayan_eclipse-workspace_Junit-06maven] INFO  o.eclipse.m2e.core.internal.Bundles - 	Entry: C:\Users\jayan\.p2\pool\plugins\org.eclipse.m2e.maven.runtime_3.9.900.20240824-1409\jars\org.eclipse.sisu.plexus-0.9.0.M3.jar
2025-02-07 18:47:02,498 [Worker-40: Launching Executing test in C__Users_jayan_eclipse-workspace_Junit-06maven] INFO  o.eclipse.m2e.core.internal.Bundles - 	Entry: C:\Users\jayan\.p2\pool\plugins\org.eclipse.m2e.maven.runtime_3.9.900.20240824-1409\jars\plexus-build-api-0.0.7.jar
2025-02-07 18:47:02,498 [Worker-40: Launching Executing test in C__Users_jayan_eclipse-workspace_Junit-06maven] INFO  o.eclipse.m2e.core.internal.Bundles - 	Entry: C:\Users\jayan\.p2\pool\plugins\org.eclipse.m2e.maven.runtime_3.9.900.20240824-1409\jars\plexus-build-api-1.2.0.jar
2025-02-07 18:47:02,498 [Worker-40: Launching Executing test in C__Users_jayan_eclipse-workspace_Junit-06maven] INFO  o.eclipse.m2e.core.internal.Bundles - 	Entry: C:\Users\jayan\.p2\pool\plugins\org.eclipse.m2e.maven.runtime_3.9.900.20240824-1409\jars\plexus-cipher-2.0.jar
2025-02-07 18:47:02,498 [Worker-40: Launching Executing test in C__Users_jayan_eclipse-workspace_Junit-06maven] INFO  o.eclipse.m2e.core.internal.Bundles - 	Entry: C:\Users\jayan\.p2\pool\plugins\org.eclipse.m2e.maven.runtime_3.9.900.20240824-1409\jars\plexus-classworlds-2.8.0.jar
2025-02-07 18:47:02,499 [Worker-40: Launching Executing test in C__Users_jayan_eclipse-workspace_Junit-06maven] INFO  o.eclipse.m2e.core.internal.Bundles - 	Entry: C:\Users\jayan\.p2\pool\plugins\org.eclipse.m2e.maven.runtime_3.9.900.20240824-1409\jars\plexus-component-annotations-2.1.0.jar
2025-02-07 18:47:02,499 [Worker-40: Launching Executing test in C__Users_jayan_eclipse-workspace_Junit-06maven] INFO  o.eclipse.m2e.core.internal.Bundles - 	Entry: C:\Users\jayan\.p2\pool\plugins\org.eclipse.m2e.maven.runtime_3.9.900.20240824-1409\jars\plexus-interpolation-1.27.jar
2025-02-07 18:47:02,499 [Worker-40: Launching Executing test in C__Users_jayan_eclipse-workspace_Junit-06maven] INFO  o.eclipse.m2e.core.internal.Bundles - 	Entry: C:\Users\jayan\.p2\pool\plugins\org.eclipse.m2e.maven.runtime_3.9.900.20240824-1409\jars\plexus-sec-dispatcher-2.0.jar
2025-02-07 18:47:02,499 [Worker-40: Launching Executing test in C__Users_jayan_eclipse-workspace_Junit-06maven] INFO  o.eclipse.m2e.core.internal.Bundles - 	Entry: C:\Users\jayan\.p2\pool\plugins\org.eclipse.m2e.maven.runtime_3.9.900.20240824-1409\jars\plexus-utils-3.5.1.jar
2025-02-07 18:47:02,500 [Worker-40: Launching Executing test in C__Users_jayan_eclipse-workspace_Junit-06maven] INFO  o.eclipse.m2e.core.internal.Bundles - 	Entry: C:\Users\jayan\.p2\pool\plugins\org.eclipse.m2e.maven.runtime_3.9.900.20240824-1409\jars\plexus-xml-3.0.1.jar
2025-02-07 18:47:02,500 [Worker-40: Launching Executing test in C__Users_jayan_eclipse-workspace_Junit-06maven] INFO  o.eclipse.m2e.core.internal.Bundles - 	Entry: C:\Users\jayan\.p2\pool\plugins\org.eclipse.m2e.maven.runtime_3.9.900.20240824-1409\jars\wagon-file-3.5.3.jar
2025-02-07 18:47:02,500 [Worker-40: Launching Executing test in C__Users_jayan_eclipse-workspace_Junit-06maven] INFO  o.eclipse.m2e.core.internal.Bundles - 	Entry: C:\Users\jayan\.p2\pool\plugins\org.eclipse.m2e.maven.runtime_3.9.900.20240824-1409\jars\wagon-http-3.5.3.jar
2025-02-07 18:47:02,500 [Worker-40: Launching Executing test in C__Users_jayan_eclipse-workspace_Junit-06maven] INFO  o.eclipse.m2e.core.internal.Bundles - 	Entry: C:\Users\jayan\.p2\pool\plugins\org.eclipse.m2e.maven.runtime_3.9.900.20240824-1409\jars\wagon-http-shared-3.5.3.jar
2025-02-07 18:47:02,500 [Worker-40: Launching Executing test in C__Users_jayan_eclipse-workspace_Junit-06maven] INFO  o.eclipse.m2e.core.internal.Bundles - 	Entry: C:\Users\jayan\.p2\pool\plugins\org.eclipse.m2e.maven.runtime_3.9.900.20240824-1409\jars\wagon-provider-api-3.5.3.jar
2025-02-07 18:47:02,502 [Worker-40: Launching Executing test in C__Users_jayan_eclipse-workspace_Junit-06maven] INFO  o.eclipse.m2e.core.internal.Bundles - getClasspathEntries(Bundle=com.google.guava_33.3.1.jre [10])
2025-02-07 18:47:02,503 [Worker-40: Launching Executing test in C__Users_jayan_eclipse-workspace_Junit-06maven] INFO  o.eclipse.m2e.core.internal.Bundles - 	Entry: C:\Users\jayan\.p2\pool\plugins\com.google.guava_33.3.1.jre.jar
2025-02-07 18:47:02,503 [Worker-40: Launching Executing test in C__Users_jayan_eclipse-workspace_Junit-06maven] INFO  o.eclipse.m2e.core.internal.Bundles - getClasspathEntries(Bundle=slf4j.api_2.0.16 [522])
2025-02-07 18:47:02,503 [Worker-40: Launching Executing test in C__Users_jayan_eclipse-workspace_Junit-06maven] INFO  o.eclipse.m2e.core.internal.Bundles - 	Entry: C:\Users\jayan\.p2\pool\plugins\slf4j.api_2.0.16.jar
2025-02-07 18:47:02,503 [Worker-40: Launching Executing test in C__Users_jayan_eclipse-workspace_Junit-06maven] INFO  o.eclipse.m2e.core.internal.Bundles - getClasspathEntries(Bundle=jakarta.inject.jakarta.inject-api_1.0.5 [22])
2025-02-07 18:47:02,504 [Worker-40: Launching Executing test in C__Users_jayan_eclipse-workspace_Junit-06maven] INFO  o.eclipse.m2e.core.internal.Bundles - 	Entry: C:\Users\jayan\.p2\pool\plugins\jakarta.inject.jakarta.inject-api_1.0.5.jar
2025-02-07 18:47:02,504 [Worker-40: Launching Executing test in C__Users_jayan_eclipse-workspace_Junit-06maven] INFO  o.eclipse.m2e.core.internal.Bundles - getClasspathEntries(Bundle=jakarta.annotation-api_1.3.5 [20])
2025-02-07 18:47:02,504 [Worker-40: Launching Executing test in C__Users_jayan_eclipse-workspace_Junit-06maven] INFO  o.eclipse.m2e.core.internal.Bundles - 	Entry: C:\Users\jayan\.p2\pool\plugins\jakarta.annotation-api_1.3.5.jar
2025-02-07 18:47:02,504 [Worker-40: Launching Executing test in C__Users_jayan_eclipse-workspace_Junit-06maven] INFO  o.eclipse.m2e.core.internal.Bundles - getClasspathEntries(Bundle=org.apache.commons.cli_1.9.0 [47])
2025-02-07 18:47:02,504 [Worker-40: Launching Executing test in C__Users_jayan_eclipse-workspace_Junit-06maven] INFO  o.eclipse.m2e.core.internal.Bundles - 	Entry: C:\Users\jayan\.p2\pool\plugins\org.apache.commons.cli_1.9.0.jar
2025-02-07 18:47:02,505 [Worker-40: Launching Executing test in C__Users_jayan_eclipse-workspace_Junit-06maven] INFO  o.eclipse.m2e.core.internal.Bundles - getClasspathEntries(Bundle=org.apache.commons.commons-codec_1.16.0 [50])
2025-02-07 18:47:02,505 [Worker-40: Launching Executing test in C__Users_jayan_eclipse-workspace_Junit-06maven] INFO  o.eclipse.m2e.core.internal.Bundles - 	Entry: C:\Users\jayan\.p2\pool\plugins\org.apache.commons.commons-codec_1.16.0.jar
2025-02-07 18:47:02,505 [Worker-40: Launching Executing test in C__Users_jayan_eclipse-workspace_Junit-06maven] INFO  o.eclipse.m2e.core.internal.Bundles - getClasspathEntries(Bundle=com.google.guava.failureaccess_1.0.2 [11])
2025-02-07 18:47:02,505 [Worker-40: Launching Executing test in C__Users_jayan_eclipse-workspace_Junit-06maven] INFO  o.eclipse.m2e.core.internal.Bundles - 	Entry: C:\Users\jayan\.p2\pool\plugins\com.google.guava.failureaccess_1.0.2.jar
2025-02-07 18:47:02,512 [Worker-40: Launching Executing test in C__Users_jayan_eclipse-workspace_Junit-06maven] INFO  o.e.m.i.launch.MavenLaunchDelegate - Run build in "C:\Users\jayan\eclipse-workspace\Junit-06maven":
2025-02-07 18:47:02,514 [Worker-40: Launching Executing test in C__Users_jayan_eclipse-workspace_Junit-06maven] INFO  o.e.m.i.launch.MavenLaunchDelegate -  mvn  -B -Dstyle.color=always test
2025-02-07 18:47:22,211 [Worker-44: Searching...] INFO  o.eclipse.m2e.core.internal.Bundles - getClasspathEntries(Bundle=org.eclipse.m2e.workspace.cli_0.3.1 [307])
2025-02-07 18:47:22,212 [Worker-44: Searching...] INFO  o.eclipse.m2e.core.internal.Bundles - 	Entry: C:\Users\jayan\.p2\pool\plugins\org.eclipse.m2e.workspace.cli_0.3.1.jar
2025-02-07 18:47:23,455 [Worker-44: Searching...] INFO  o.e.m.c.i.e.AbstractTransferListenerAdapter - Downloading https://repo.maven.apache.org/maven2/io/takari/m2e/workspace/org.eclipse.m2e.workspace.cli/0.3.1/org.eclipse.m2e.workspace.cli-0.3.1-sources.jar
2025-02-07 18:47:23,460 [Worker-44: Searching...] INFO  o.e.m.c.i.e.AbstractTransferListenerAdapter - Downloaded https://repo.maven.apache.org/maven2/io/takari/m2e/workspace/org.eclipse.m2e.workspace.cli/0.3.1/org.eclipse.m2e.workspace.cli-0.3.1-sources.jar
2025-02-07 18:47:23,464 [Worker-44: Searching...] INFO  o.eclipse.m2e.core.internal.Bundles - getClasspathEntries(Bundle=org.eclipse.m2e.maven.runtime_3.9.900.20240824-1409 [298])
2025-02-07 18:47:23,465 [Worker-44: Searching...] INFO  o.eclipse.m2e.core.internal.Bundles - 	Entry: C:\Users\jayan\.p2\pool\plugins\org.eclipse.m2e.maven.runtime_3.9.900.20240824-1409
2025-02-07 18:47:23,465 [Worker-44: Searching...] INFO  o.eclipse.m2e.core.internal.Bundles - 	Entry: C:\Users\jayan\.p2\pool\plugins\org.eclipse.m2e.maven.runtime_3.9.900.20240824-1409\jars\aopalliance-1.0.jar
2025-02-07 18:47:23,465 [Worker-44: Searching...] INFO  o.eclipse.m2e.core.internal.Bundles - 	Entry: C:\Users\jayan\.p2\pool\plugins\org.eclipse.m2e.maven.runtime_3.9.900.20240824-1409\jars\guice-5.1.0.jar
2025-02-07 18:47:23,465 [Worker-44: Searching...] INFO  o.eclipse.m2e.core.internal.Bundles - 	Entry: C:\Users\jayan\.p2\pool\plugins\org.eclipse.m2e.maven.runtime_3.9.900.20240824-1409\jars\httpclient-4.5.14.jar
2025-02-07 18:47:23,465 [Worker-44: Searching...] INFO  o.eclipse.m2e.core.internal.Bundles - 	Entry: C:\Users\jayan\.p2\pool\plugins\org.eclipse.m2e.maven.runtime_3.9.900.20240824-1409\jars\httpcore-4.4.16.jar
2025-02-07 18:47:23,465 [Worker-44: Searching...] INFO  o.eclipse.m2e.core.internal.Bundles - 	Entry: C:\Users\jayan\.p2\pool\plugins\org.eclipse.m2e.maven.runtime_3.9.900.20240824-1409\jars\jansi-2.4.1.jar
2025-02-07 18:47:23,467 [Worker-44: Searching...] INFO  o.eclipse.m2e.core.internal.Bundles - 	Entry: C:\Users\jayan\.p2\pool\plugins\org.eclipse.m2e.maven.runtime_3.9.900.20240824-1409\jars\jcl-over-slf4j-1.7.36.jar
2025-02-07 18:47:23,467 [Worker-44: Searching...] INFO  o.eclipse.m2e.core.internal.Bundles - 	Entry: C:\Users\jayan\.p2\pool\plugins\org.eclipse.m2e.maven.runtime_3.9.900.20240824-1409\jars\maven-artifact-3.9.9.jar
2025-02-07 18:47:23,467 [Worker-44: Searching...] INFO  o.eclipse.m2e.core.internal.Bundles - 	Entry: C:\Users\jayan\.p2\pool\plugins\org.eclipse.m2e.maven.runtime_3.9.900.20240824-1409\jars\maven-builder-support-3.9.9.jar
2025-02-07 18:47:23,467 [Worker-44: Searching...] INFO  o.eclipse.m2e.core.internal.Bundles - 	Entry: C:\Users\jayan\.p2\pool\plugins\org.eclipse.m2e.maven.runtime_3.9.900.20240824-1409\jars\maven-compat-3.9.9.jar
2025-02-07 18:47:23,468 [Worker-44: Searching...] INFO  o.eclipse.m2e.core.internal.Bundles - 	Entry: C:\Users\jayan\.p2\pool\plugins\org.eclipse.m2e.maven.runtime_3.9.900.20240824-1409\jars\maven-core-3.9.9.jar
2025-02-07 18:47:23,468 [Worker-44: Searching...] INFO  o.eclipse.m2e.core.internal.Bundles - 	Entry: C:\Users\jayan\.p2\pool\plugins\org.eclipse.m2e.maven.runtime_3.9.900.20240824-1409\jars\maven-embedder-3.9.9.jar
2025-02-07 18:47:23,468 [Worker-44: Searching...] INFO  o.eclipse.m2e.core.internal.Bundles - 	Entry: C:\Users\jayan\.p2\pool\plugins\org.eclipse.m2e.maven.runtime_3.9.900.20240824-1409\jars\maven-model-3.9.9.jar
2025-02-07 18:47:23,468 [Worker-44: Searching...] INFO  o.eclipse.m2e.core.internal.Bundles - 	Entry: C:\Users\jayan\.p2\pool\plugins\org.eclipse.m2e.maven.runtime_3.9.900.20240824-1409\jars\maven-model-builder-3.9.9.jar
2025-02-07 18:47:23,468 [Worker-44: Searching...] INFO  o.eclipse.m2e.core.internal.Bundles - 	Entry: C:\Users\jayan\.p2\pool\plugins\org.eclipse.m2e.maven.runtime_3.9.900.20240824-1409\jars\maven-plugin-api-3.9.9.jar
2025-02-07 18:47:23,468 [Worker-44: Searching...] INFO  o.eclipse.m2e.core.internal.Bundles - 	Entry: C:\Users\jayan\.p2\pool\plugins\org.eclipse.m2e.maven.runtime_3.9.900.20240824-1409\jars\maven-repository-metadata-3.9.9.jar
2025-02-07 18:47:23,468 [Worker-44: Searching...] INFO  o.eclipse.m2e.core.internal.Bundles - 	Entry: C:\Users\jayan\.p2\pool\plugins\org.eclipse.m2e.maven.runtime_3.9.900.20240824-1409\jars\maven-resolver-api-1.9.22.jar
2025-02-07 18:47:23,469 [Worker-44: Searching...] INFO  o.eclipse.m2e.core.internal.Bundles - 	Entry: C:\Users\jayan\.p2\pool\plugins\org.eclipse.m2e.maven.runtime_3.9.900.20240824-1409\jars\maven-resolver-connector-basic-1.9.22.jar
2025-02-07 18:47:23,469 [Worker-44: Searching...] INFO  o.eclipse.m2e.core.internal.Bundles - 	Entry: C:\Users\jayan\.p2\pool\plugins\org.eclipse.m2e.maven.runtime_3.9.900.20240824-1409\jars\maven-resolver-impl-1.9.22.jar
2025-02-07 18:47:23,469 [Worker-44: Searching...] INFO  o.eclipse.m2e.core.internal.Bundles - 	Entry: C:\Users\jayan\.p2\pool\plugins\org.eclipse.m2e.maven.runtime_3.9.900.20240824-1409\jars\maven-resolver-named-locks-1.9.22.jar
2025-02-07 18:47:23,469 [Worker-44: Searching...] INFO  o.eclipse.m2e.core.internal.Bundles - 	Entry: C:\Users\jayan\.p2\pool\plugins\org.eclipse.m2e.maven.runtime_3.9.900.20240824-1409\jars\maven-resolver-provider-3.9.9.jar
2025-02-07 18:47:23,469 [Worker-44: Searching...] INFO  o.eclipse.m2e.core.internal.Bundles - 	Entry: C:\Users\jayan\.p2\pool\plugins\org.eclipse.m2e.maven.runtime_3.9.900.20240824-1409\jars\maven-resolver-spi-1.9.22.jar
2025-02-07 18:47:23,470 [Worker-44: Searching...] INFO  o.eclipse.m2e.core.internal.Bundles - 	Entry: C:\Users\jayan\.p2\pool\plugins\org.eclipse.m2e.maven.runtime_3.9.900.20240824-1409\jars\maven-resolver-transport-file-1.9.22.jar
2025-02-07 18:47:23,470 [Worker-44: Searching...] INFO  o.eclipse.m2e.core.internal.Bundles - 	Entry: C:\Users\jayan\.p2\pool\plugins\org.eclipse.m2e.maven.runtime_3.9.900.20240824-1409\jars\maven-resolver-transport-http-1.9.22.jar
2025-02-07 18:47:23,470 [Worker-44: Searching...] INFO  o.eclipse.m2e.core.internal.Bundles - 	Entry: C:\Users\jayan\.p2\pool\plugins\org.eclipse.m2e.maven.runtime_3.9.900.20240824-1409\jars\maven-resolver-transport-wagon-1.9.22.jar
2025-02-07 18:47:23,470 [Worker-44: Searching...] INFO  o.eclipse.m2e.core.internal.Bundles - 	Entry: C:\Users\jayan\.p2\pool\plugins\org.eclipse.m2e.maven.runtime_3.9.900.20240824-1409\jars\maven-resolver-util-1.9.22.jar
2025-02-07 18:47:23,470 [Worker-44: Searching...] INFO  o.eclipse.m2e.core.internal.Bundles - 	Entry: C:\Users\jayan\.p2\pool\plugins\org.eclipse.m2e.maven.runtime_3.9.900.20240824-1409\jars\maven-settings-3.9.9.jar
2025-02-07 18:47:23,470 [Worker-44: Searching...] INFO  o.eclipse.m2e.core.internal.Bundles - 	Entry: C:\Users\jayan\.p2\pool\plugins\org.eclipse.m2e.maven.runtime_3.9.900.20240824-1409\jars\maven-settings-builder-3.9.9.jar
2025-02-07 18:47:23,470 [Worker-44: Searching...] INFO  o.eclipse.m2e.core.internal.Bundles - 	Entry: C:\Users\jayan\.p2\pool\plugins\org.eclipse.m2e.maven.runtime_3.9.900.20240824-1409\jars\maven-shared-utils-3.4.2.jar
2025-02-07 18:47:23,470 [Worker-44: Searching...] INFO  o.eclipse.m2e.core.internal.Bundles - 	Entry: C:\Users\jayan\.p2\pool\plugins\org.eclipse.m2e.maven.runtime_3.9.900.20240824-1409\jars\org.eclipse.sisu.inject-0.9.0.M3.jar
2025-02-07 18:47:23,470 [Worker-44: Searching...] INFO  o.eclipse.m2e.core.internal.Bundles - 	Entry: C:\Users\jayan\.p2\pool\plugins\org.eclipse.m2e.maven.runtime_3.9.900.20240824-1409\jars\org.eclipse.sisu.plexus-0.9.0.M3.jar
2025-02-07 18:47:23,471 [Worker-44: Searching...] INFO  o.eclipse.m2e.core.internal.Bundles - 	Entry: C:\Users\jayan\.p2\pool\plugins\org.eclipse.m2e.maven.runtime_3.9.900.20240824-1409\jars\plexus-build-api-0.0.7.jar
2025-02-07 18:47:23,471 [Worker-44: Searching...] INFO  o.eclipse.m2e.core.internal.Bundles - 	Entry: C:\Users\jayan\.p2\pool\plugins\org.eclipse.m2e.maven.runtime_3.9.900.20240824-1409\jars\plexus-build-api-1.2.0.jar
2025-02-07 18:47:23,471 [Worker-44: Searching...] INFO  o.eclipse.m2e.core.internal.Bundles - 	Entry: C:\Users\jayan\.p2\pool\plugins\org.eclipse.m2e.maven.runtime_3.9.900.20240824-1409\jars\plexus-cipher-2.0.jar
2025-02-07 18:47:23,471 [Worker-44: Searching...] INFO  o.eclipse.m2e.core.internal.Bundles - 	Entry: C:\Users\jayan\.p2\pool\plugins\org.eclipse.m2e.maven.runtime_3.9.900.20240824-1409\jars\plexus-classworlds-2.8.0.jar
2025-02-07 18:47:23,471 [Worker-44: Searching...] INFO  o.eclipse.m2e.core.internal.Bundles - 	Entry: C:\Users\jayan\.p2\pool\plugins\org.eclipse.m2e.maven.runtime_3.9.900.20240824-1409\jars\plexus-component-annotations-2.1.0.jar
2025-02-07 18:47:23,471 [Worker-44: Searching...] INFO  o.eclipse.m2e.core.internal.Bundles - 	Entry: C:\Users\jayan\.p2\pool\plugins\org.eclipse.m2e.maven.runtime_3.9.900.20240824-1409\jars\plexus-interpolation-1.27.jar
2025-02-07 18:47:23,471 [Worker-44: Searching...] INFO  o.eclipse.m2e.core.internal.Bundles - 	Entry: C:\Users\jayan\.p2\pool\plugins\org.eclipse.m2e.maven.runtime_3.9.900.20240824-1409\jars\plexus-sec-dispatcher-2.0.jar
2025-02-07 18:47:23,471 [Worker-44: Searching...] INFO  o.eclipse.m2e.core.internal.Bundles - 	Entry: C:\Users\jayan\.p2\pool\plugins\org.eclipse.m2e.maven.runtime_3.9.900.20240824-1409\jars\plexus-utils-3.5.1.jar
2025-02-07 18:47:23,471 [Worker-44: Searching...] INFO  o.eclipse.m2e.core.internal.Bundles - 	Entry: C:\Users\jayan\.p2\pool\plugins\org.eclipse.m2e.maven.runtime_3.9.900.20240824-1409\jars\plexus-xml-3.0.1.jar
2025-02-07 18:47:23,471 [Worker-44: Searching...] INFO  o.eclipse.m2e.core.internal.Bundles - 	Entry: C:\Users\jayan\.p2\pool\plugins\org.eclipse.m2e.maven.runtime_3.9.900.20240824-1409\jars\wagon-file-3.5.3.jar
2025-02-07 18:47:23,472 [Worker-44: Searching...] INFO  o.eclipse.m2e.core.internal.Bundles - 	Entry: C:\Users\jayan\.p2\pool\plugins\org.eclipse.m2e.maven.runtime_3.9.900.20240824-1409\jars\wagon-http-3.5.3.jar
2025-02-07 18:47:23,472 [Worker-44: Searching...] INFO  o.eclipse.m2e.core.internal.Bundles - 	Entry: C:\Users\jayan\.p2\pool\plugins\org.eclipse.m2e.maven.runtime_3.9.900.20240824-1409\jars\wagon-http-shared-3.5.3.jar
2025-02-07 18:47:23,472 [Worker-44: Searching...] INFO  o.eclipse.m2e.core.internal.Bundles - 	Entry: C:\Users\jayan\.p2\pool\plugins\org.eclipse.m2e.maven.runtime_3.9.900.20240824-1409\jars\wagon-provider-api-3.5.3.jar
2025-02-07 18:47:23,472 [Worker-44: Searching...] INFO  o.eclipse.m2e.core.internal.Bundles - getClasspathEntries(Bundle=com.google.guava_33.3.1.jre [10])
2025-02-07 18:47:23,473 [Worker-44: Searching...] INFO  o.eclipse.m2e.core.internal.Bundles - 	Entry: C:\Users\jayan\.p2\pool\plugins\com.google.guava_33.3.1.jre.jar
2025-02-07 18:47:23,473 [Worker-44: Searching...] INFO  o.eclipse.m2e.core.internal.Bundles - getClasspathEntries(Bundle=slf4j.api_2.0.16 [522])
2025-02-07 18:47:23,473 [Worker-44: Searching...] INFO  o.eclipse.m2e.core.internal.Bundles - 	Entry: C:\Users\jayan\.p2\pool\plugins\slf4j.api_2.0.16.jar
2025-02-07 18:47:23,473 [Worker-44: Searching...] INFO  o.eclipse.m2e.core.internal.Bundles - getClasspathEntries(Bundle=jakarta.inject.jakarta.inject-api_1.0.5 [22])
2025-02-07 18:47:23,473 [Worker-44: Searching...] INFO  o.eclipse.m2e.core.internal.Bundles - 	Entry: C:\Users\jayan\.p2\pool\plugins\jakarta.inject.jakarta.inject-api_1.0.5.jar
2025-02-07 18:47:23,473 [Worker-44: Searching...] INFO  o.eclipse.m2e.core.internal.Bundles - getClasspathEntries(Bundle=jakarta.annotation-api_1.3.5 [20])
2025-02-07 18:47:23,473 [Worker-44: Searching...] INFO  o.eclipse.m2e.core.internal.Bundles - 	Entry: C:\Users\jayan\.p2\pool\plugins\jakarta.annotation-api_1.3.5.jar
2025-02-07 18:47:23,473 [Worker-44: Searching...] INFO  o.eclipse.m2e.core.internal.Bundles - getClasspathEntries(Bundle=org.apache.commons.cli_1.9.0 [47])
2025-02-07 18:47:23,474 [Worker-44: Searching...] INFO  o.eclipse.m2e.core.internal.Bundles - 	Entry: C:\Users\jayan\.p2\pool\plugins\org.apache.commons.cli_1.9.0.jar
2025-02-07 18:47:23,474 [Worker-44: Searching...] INFO  o.eclipse.m2e.core.internal.Bundles - getClasspathEntries(Bundle=org.apache.commons.commons-codec_1.16.0 [50])
2025-02-07 18:47:23,474 [Worker-44: Searching...] INFO  o.eclipse.m2e.core.internal.Bundles - 	Entry: C:\Users\jayan\.p2\pool\plugins\org.apache.commons.commons-codec_1.16.0.jar
2025-02-07 18:47:23,474 [Worker-44: Searching...] INFO  o.eclipse.m2e.core.internal.Bundles - getClasspathEntries(Bundle=com.google.guava.failureaccess_1.0.2 [11])
2025-02-07 18:47:23,474 [Worker-44: Searching...] INFO  o.eclipse.m2e.core.internal.Bundles - 	Entry: C:\Users\jayan\.p2\pool\plugins\com.google.guava.failureaccess_1.0.2.jar
2025-02-07 18:47:23,796 [Worker-44: Searching...] INFO  o.e.m.c.i.e.AbstractTransferListenerAdapter - Downloading https://repo.maven.apache.org/maven2/org/codehaus/plexus/plexus-classworlds/2.8.0/plexus-classworlds-2.8.0-sources.jar
2025-02-07 18:47:24,128 [Worker-44: Searching...] INFO  o.e.m.c.i.e.AbstractTransferListenerAdapter - Downloaded https://repo.maven.apache.org/maven2/org/codehaus/plexus/plexus-classworlds/2.8.0/plexus-classworlds-2.8.0-sources.jar
2025-02-07 18:47:24,460 [Worker-44: Searching...] INFO  o.e.m.c.i.e.AbstractTransferListenerAdapter - Downloading https://repo.maven.apache.org/maven2/org/apache/httpcomponents/httpclient/4.5.14/httpclient-4.5.14-sources.jar
2025-02-07 18:47:24,724 [Worker-44: Searching...] INFO  o.e.m.c.i.e.AbstractTransferListenerAdapter - Downloaded https://repo.maven.apache.org/maven2/org/apache/httpcomponents/httpclient/4.5.14/httpclient-4.5.14-sources.jar
2025-02-07 18:47:24,822 [Worker-44: Searching...] INFO  o.e.m.c.i.e.AbstractTransferListenerAdapter - Downloading https://repo.maven.apache.org/maven2/org/apache/httpcomponents/httpcore/4.4.16/httpcore-4.4.16-sources.jar
2025-02-07 18:47:24,918 [Worker-44: Searching...] INFO  o.e.m.c.i.e.AbstractTransferListenerAdapter - Downloaded https://repo.maven.apache.org/maven2/org/apache/httpcomponents/httpcore/4.4.16/httpcore-4.4.16-sources.jar
2025-02-07 18:47:25,022 [Worker-44: Searching...] INFO  o.e.m.c.i.e.AbstractTransferListenerAdapter - Downloading https://repo.maven.apache.org/maven2/org/fusesource/jansi/jansi/2.4.1/jansi-2.4.1-sources.jar
2025-02-07 18:47:25,088 [Worker-44: Searching...] INFO  o.e.m.c.i.e.AbstractTransferListenerAdapter - Downloaded https://repo.maven.apache.org/maven2/org/fusesource/jansi/jansi/2.4.1/jansi-2.4.1-sources.jar
2025-02-07 18:47:25,183 [Worker-44: Searching...] INFO  o.e.m.c.i.e.AbstractTransferListenerAdapter - Downloading https://repo.maven.apache.org/maven2/org/slf4j/jcl-over-slf4j/1.7.36/jcl-over-slf4j-1.7.36-sources.jar
2025-02-07 18:47:25,192 [Worker-44: Searching...] INFO  o.e.m.c.i.e.AbstractTransferListenerAdapter - Downloaded https://repo.maven.apache.org/maven2/org/slf4j/jcl-over-slf4j/1.7.36/jcl-over-slf4j-1.7.36-sources.jar
2025-02-07 18:47:25,282 [Worker-44: Searching...] INFO  o.e.m.c.i.e.AbstractTransferListenerAdapter - Downloading https://repo.maven.apache.org/maven2/org/apache/maven/maven-artifact/3.9.9/maven-artifact-3.9.9-sources.jar
2025-02-07 18:47:25,313 [Worker-44: Searching...] INFO  o.e.m.c.i.e.AbstractTransferListenerAdapter - Downloaded https://repo.maven.apache.org/maven2/org/apache/maven/maven-artifact/3.9.9/maven-artifact-3.9.9-sources.jar
2025-02-07 18:47:25,411 [Worker-44: Searching...] INFO  o.e.m.c.i.e.AbstractTransferListenerAdapter - Downloading https://repo.maven.apache.org/maven2/org/apache/maven/maven-builder-support/3.9.9/maven-builder-support-3.9.9-sources.jar
2025-02-07 18:47:25,419 [Worker-44: Searching...] INFO  o.e.m.c.i.e.AbstractTransferListenerAdapter - Downloaded https://repo.maven.apache.org/maven2/org/apache/maven/maven-builder-support/3.9.9/maven-builder-support-3.9.9-sources.jar
2025-02-07 18:47:25,511 [Worker-44: Searching...] INFO  o.e.m.c.i.e.AbstractTransferListenerAdapter - Downloading https://repo.maven.apache.org/maven2/org/apache/maven/maven-compat/3.9.9/maven-compat-3.9.9-sources.jar
2025-02-07 18:47:25,615 [Worker-44: Searching...] INFO  o.e.m.c.i.e.AbstractTransferListenerAdapter - Downloaded https://repo.maven.apache.org/maven2/org/apache/maven/maven-compat/3.9.9/maven-compat-3.9.9-sources.jar
2025-02-07 18:47:25,711 [Worker-44: Searching...] INFO  o.e.m.c.i.e.AbstractTransferListenerAdapter - Downloading https://repo.maven.apache.org/maven2/org/apache/maven/maven-core/3.9.9/maven-core-3.9.9-sources.jar
2025-02-07 18:47:25,808 [Worker-44: Searching...] INFO  o.e.m.c.i.e.AbstractTransferListenerAdapter - Downloaded https://repo.maven.apache.org/maven2/org/apache/maven/maven-core/3.9.9/maven-core-3.9.9-sources.jar
2025-02-07 18:47:25,902 [Worker-44: Searching...] INFO  o.e.m.c.i.e.AbstractTransferListenerAdapter - Downloading https://repo.maven.apache.org/maven2/org/apache/maven/maven-embedder/3.9.9/maven-embedder-3.9.9-sources.jar
2025-02-07 18:47:25,936 [Worker-44: Searching...] INFO  o.e.m.c.i.e.AbstractTransferListenerAdapter - Downloaded https://repo.maven.apache.org/maven2/org/apache/maven/maven-embedder/3.9.9/maven-embedder-3.9.9-sources.jar
2025-02-07 18:47:26,020 [Worker-44: Searching...] INFO  o.e.m.c.i.e.AbstractTransferListenerAdapter - Downloading https://repo.maven.apache.org/maven2/org/apache/maven/maven-model/3.9.9/maven-model-3.9.9-sources.jar
2025-02-07 18:47:26,083 [Worker-44: Searching...] INFO  o.e.m.c.i.e.AbstractTransferListenerAdapter - Downloaded https://repo.maven.apache.org/maven2/org/apache/maven/maven-model/3.9.9/maven-model-3.9.9-sources.jar
2025-02-07 18:47:26,183 [Worker-44: Searching...] INFO  o.e.m.c.i.e.AbstractTransferListenerAdapter - Downloading https://repo.maven.apache.org/maven2/org/apache/maven/maven-model-builder/3.9.9/maven-model-builder-3.9.9-sources.jar
2025-02-07 18:47:26,238 [Worker-44: Searching...] INFO  o.e.m.c.i.e.AbstractTransferListenerAdapter - Downloaded https://repo.maven.apache.org/maven2/org/apache/maven/maven-model-builder/3.9.9/maven-model-builder-3.9.9-sources.jar
2025-02-07 18:47:26,338 [Worker-44: Searching...] INFO  o.e.m.c.i.e.AbstractTransferListenerAdapter - Downloading https://repo.maven.apache.org/maven2/org/apache/maven/maven-plugin-api/3.9.9/maven-plugin-api-3.9.9-sources.jar
2025-02-07 18:47:26,373 [Worker-44: Searching...] INFO  o.e.m.c.i.e.AbstractTransferListenerAdapter - Downloaded https://repo.maven.apache.org/maven2/org/apache/maven/maven-plugin-api/3.9.9/maven-plugin-api-3.9.9-sources.jar
2025-02-07 18:47:26,461 [Worker-44: Searching...] INFO  o.e.m.c.i.e.AbstractTransferListenerAdapter - Downloading https://repo.maven.apache.org/maven2/org/apache/maven/maven-repository-metadata/3.9.9/maven-repository-metadata-3.9.9-sources.jar
2025-02-07 18:47:26,471 [Worker-44: Searching...] INFO  o.e.m.c.i.e.AbstractTransferListenerAdapter - Downloaded https://repo.maven.apache.org/maven2/org/apache/maven/maven-repository-metadata/3.9.9/maven-repository-metadata-3.9.9-sources.jar
2025-02-07 18:47:26,560 [Worker-44: Searching...] INFO  o.e.m.c.i.e.AbstractTransferListenerAdapter - Downloading https://repo.maven.apache.org/maven2/org/apache/maven/resolver/maven-resolver-api/1.9.22/maven-resolver-api-1.9.22-sources.jar
2025-02-07 18:47:26,648 [Worker-44: Searching...] INFO  o.e.m.c.i.e.AbstractTransferListenerAdapter - Downloaded https://repo.maven.apache.org/maven2/org/apache/maven/resolver/maven-resolver-api/1.9.22/maven-resolver-api-1.9.22-sources.jar
2025-02-07 18:47:26,746 [Worker-44: Searching...] INFO  o.e.m.c.i.e.AbstractTransferListenerAdapter - Downloading https://repo.maven.apache.org/maven2/org/apache/maven/resolver/maven-resolver-connector-basic/1.9.22/maven-resolver-connector-basic-1.9.22-sources.jar
2025-02-07 18:47:26,752 [Worker-44: Searching...] INFO  o.e.m.c.i.e.AbstractTransferListenerAdapter - Downloaded https://repo.maven.apache.org/maven2/org/apache/maven/resolver/maven-resolver-connector-basic/1.9.22/maven-resolver-connector-basic-1.9.22-sources.jar
2025-02-07 18:47:26,852 [Worker-44: Searching...] INFO  o.e.m.c.i.e.AbstractTransferListenerAdapter - Downloading https://repo.maven.apache.org/maven2/org/apache/maven/resolver/maven-resolver-impl/1.9.22/maven-resolver-impl-1.9.22-sources.jar
2025-02-07 18:47:26,930 [Worker-44: Searching...] INFO  o.e.m.c.i.e.AbstractTransferListenerAdapter - Downloaded https://repo.maven.apache.org/maven2/org/apache/maven/resolver/maven-resolver-impl/1.9.22/maven-resolver-impl-1.9.22-sources.jar
2025-02-07 18:47:27,064 [Worker-44: Searching...] INFO  o.e.m.c.i.e.AbstractTransferListenerAdapter - Downloading https://repo.maven.apache.org/maven2/org/apache/maven/resolver/maven-resolver-named-locks/1.9.22/maven-resolver-named-locks-1.9.22-sources.jar
2025-02-07 18:47:27,073 [Worker-44: Searching...] INFO  o.e.m.c.i.e.AbstractTransferListenerAdapter - Downloaded https://repo.maven.apache.org/maven2/org/apache/maven/resolver/maven-resolver-named-locks/1.9.22/maven-resolver-named-locks-1.9.22-sources.jar
2025-02-07 18:47:27,170 [Worker-44: Searching...] INFO  o.e.m.c.i.e.AbstractTransferListenerAdapter - Downloading https://repo.maven.apache.org/maven2/org/apache/maven/maven-resolver-provider/3.9.9/maven-resolver-provider-3.9.9-sources.jar
2025-02-07 18:47:27,197 [Worker-44: Searching...] INFO  o.e.m.c.i.e.AbstractTransferListenerAdapter - Downloaded https://repo.maven.apache.org/maven2/org/apache/maven/maven-resolver-provider/3.9.9/maven-resolver-provider-3.9.9-sources.jar
2025-02-07 18:47:27,283 [Worker-44: Searching...] INFO  o.e.m.c.i.e.AbstractTransferListenerAdapter - Downloading https://repo.maven.apache.org/maven2/org/apache/maven/resolver/maven-resolver-spi/1.9.22/maven-resolver-spi-1.9.22-sources.jar
2025-02-07 18:47:27,324 [Worker-44: Searching...] INFO  o.e.m.c.i.e.AbstractTransferListenerAdapter - Downloaded https://repo.maven.apache.org/maven2/org/apache/maven/resolver/maven-resolver-spi/1.9.22/maven-resolver-spi-1.9.22-sources.jar
2025-02-07 18:47:27,423 [Worker-44: Searching...] INFO  o.e.m.c.i.e.AbstractTransferListenerAdapter - Downloading https://repo.maven.apache.org/maven2/org/apache/maven/resolver/maven-resolver-transport-file/1.9.22/maven-resolver-transport-file-1.9.22-sources.jar
2025-02-07 18:47:27,434 [Worker-44: Searching...] INFO  o.e.m.c.i.e.AbstractTransferListenerAdapter - Downloaded https://repo.maven.apache.org/maven2/org/apache/maven/resolver/maven-resolver-transport-file/1.9.22/maven-resolver-transport-file-1.9.22-sources.jar
2025-02-07 18:47:27,534 [Worker-44: Searching...] INFO  o.e.m.c.i.e.AbstractTransferListenerAdapter - Downloading https://repo.maven.apache.org/maven2/org/apache/maven/resolver/maven-resolver-transport-http/1.9.22/maven-resolver-transport-http-1.9.22-sources.jar
2025-02-07 18:47:27,551 [Worker-44: Searching...] INFO  o.e.m.c.i.e.AbstractTransferListenerAdapter - Downloaded https://repo.maven.apache.org/maven2/org/apache/maven/resolver/maven-resolver-transport-http/1.9.22/maven-resolver-transport-http-1.9.22-sources.jar
2025-02-07 18:47:27,651 [Worker-44: Searching...] INFO  o.e.m.c.i.e.AbstractTransferListenerAdapter - Downloading https://repo.maven.apache.org/maven2/org/apache/maven/resolver/maven-resolver-transport-wagon/1.9.22/maven-resolver-transport-wagon-1.9.22-sources.jar
2025-02-07 18:47:27,659 [Worker-44: Searching...] INFO  o.e.m.c.i.e.AbstractTransferListenerAdapter - Downloaded https://repo.maven.apache.org/maven2/org/apache/maven/resolver/maven-resolver-transport-wagon/1.9.22/maven-resolver-transport-wagon-1.9.22-sources.jar
2025-02-07 18:47:27,759 [Worker-44: Searching...] INFO  o.e.m.c.i.e.AbstractTransferListenerAdapter - Downloading https://repo.maven.apache.org/maven2/org/apache/maven/resolver/maven-resolver-util/1.9.22/maven-resolver-util-1.9.22-sources.jar
2025-02-07 18:47:27,824 [Worker-44: Searching...] INFO  o.e.m.c.i.e.AbstractTransferListenerAdapter - Downloaded https://repo.maven.apache.org/maven2/org/apache/maven/resolver/maven-resolver-util/1.9.22/maven-resolver-util-1.9.22-sources.jar
2025-02-07 18:47:27,925 [Worker-44: Searching...] INFO  o.e.m.c.i.e.AbstractTransferListenerAdapter - Downloading https://repo.maven.apache.org/maven2/org/apache/maven/maven-settings/3.9.9/maven-settings-3.9.9-sources.jar
2025-02-07 18:47:27,937 [Worker-44: Searching...] INFO  o.e.m.c.i.e.AbstractTransferListenerAdapter - Downloaded https://repo.maven.apache.org/maven2/org/apache/maven/maven-settings/3.9.9/maven-settings-3.9.9-sources.jar
2025-02-07 18:47:28,019 [Worker-44: Searching...] INFO  o.e.m.c.i.e.AbstractTransferListenerAdapter - Downloading https://repo.maven.apache.org/maven2/org/apache/maven/maven-settings-builder/3.9.9/maven-settings-builder-3.9.9-sources.jar
2025-02-07 18:47:28,050 [Worker-44: Searching...] INFO  o.e.m.c.i.e.AbstractTransferListenerAdapter - Downloaded https://repo.maven.apache.org/maven2/org/apache/maven/maven-settings-builder/3.9.9/maven-settings-builder-3.9.9-sources.jar
2025-02-07 18:47:28,132 [Worker-44: Searching...] INFO  o.e.m.c.i.e.AbstractTransferListenerAdapter - Downloading https://repo.maven.apache.org/maven2/org/apache/maven/shared/maven-shared-utils/3.4.2/maven-shared-utils-3.4.2-sources.jar
2025-02-07 18:47:28,210 [Worker-44: Searching...] INFO  o.e.m.c.i.e.AbstractTransferListenerAdapter - Downloaded https://repo.maven.apache.org/maven2/org/apache/maven/shared/maven-shared-utils/3.4.2/maven-shared-utils-3.4.2-sources.jar
2025-02-07 18:47:28,291 [Worker-44: Searching...] INFO  o.e.m.c.i.e.AbstractTransferListenerAdapter - Downloading https://repo.maven.apache.org/maven2/org/eclipse/sisu/org.eclipse.sisu.inject/0.9.0.M3/org.eclipse.sisu.inject-0.9.0.M3-sources.jar
2025-02-07 18:47:28,389 [Worker-44: Searching...] INFO  o.e.m.c.i.e.AbstractTransferListenerAdapter - Downloaded https://repo.maven.apache.org/maven2/org/eclipse/sisu/org.eclipse.sisu.inject/0.9.0.M3/org.eclipse.sisu.inject-0.9.0.M3-sources.jar
2025-02-07 18:47:28,490 [Worker-44: Searching...] INFO  o.e.m.c.i.e.AbstractTransferListenerAdapter - Downloading https://repo.maven.apache.org/maven2/org/eclipse/sisu/org.eclipse.sisu.plexus/0.9.0.M3/org.eclipse.sisu.plexus-0.9.0.M3-sources.jar
2025-02-07 18:47:28,547 [Worker-44: Searching...] INFO  o.e.m.c.i.e.AbstractTransferListenerAdapter - Downloaded https://repo.maven.apache.org/maven2/org/eclipse/sisu/org.eclipse.sisu.plexus/0.9.0.M3/org.eclipse.sisu.plexus-0.9.0.M3-sources.jar
2025-02-07 18:47:28,635 [Worker-44: Searching...] INFO  o.e.m.c.i.e.AbstractTransferListenerAdapter - Downloading https://repo.maven.apache.org/maven2/org/codehaus/plexus/plexus-cipher/2.0/plexus-cipher-2.0-sources.jar
2025-02-07 18:47:28,640 [Worker-44: Searching...] INFO  o.e.m.c.i.e.AbstractTransferListenerAdapter - Downloaded https://repo.maven.apache.org/maven2/org/codehaus/plexus/plexus-cipher/2.0/plexus-cipher-2.0-sources.jar
2025-02-07 18:47:28,733 [Worker-44: Searching...] INFO  o.e.m.c.i.e.AbstractTransferListenerAdapter - Downloading https://repo.maven.apache.org/maven2/org/codehaus/plexus/plexus-component-annotations/2.1.0/plexus-component-annotations-2.1.0-sources.jar
2025-02-07 18:47:28,737 [Worker-44: Searching...] INFO  o.e.m.c.i.e.AbstractTransferListenerAdapter - Downloaded https://repo.maven.apache.org/maven2/org/codehaus/plexus/plexus-component-annotations/2.1.0/plexus-component-annotations-2.1.0-sources.jar
2025-02-07 18:47:28,820 [Worker-44: Searching...] INFO  o.e.m.c.i.e.AbstractTransferListenerAdapter - Downloading https://repo.maven.apache.org/maven2/org/codehaus/plexus/plexus-interpolation/1.27/plexus-interpolation-1.27-sources.jar
2025-02-07 18:47:28,864 [Worker-44: Searching...] INFO  o.e.m.c.i.e.AbstractTransferListenerAdapter - Downloaded https://repo.maven.apache.org/maven2/org/codehaus/plexus/plexus-interpolation/1.27/plexus-interpolation-1.27-sources.jar
2025-02-07 18:47:28,972 [Worker-44: Searching...] INFO  o.e.m.c.i.e.AbstractTransferListenerAdapter - Downloading https://repo.maven.apache.org/maven2/org/codehaus/plexus/plexus-sec-dispatcher/2.0/plexus-sec-dispatcher-2.0-sources.jar
2025-02-07 18:47:28,976 [Worker-44: Searching...] INFO  o.e.m.c.i.e.AbstractTransferListenerAdapter - Downloaded https://repo.maven.apache.org/maven2/org/codehaus/plexus/plexus-sec-dispatcher/2.0/plexus-sec-dispatcher-2.0-sources.jar
2025-02-07 18:47:29,073 [Worker-44: Searching...] INFO  o.e.m.c.i.e.AbstractTransferListenerAdapter - Downloading https://repo.maven.apache.org/maven2/org/codehaus/plexus/plexus-utils/3.5.1/plexus-utils-3.5.1-sources.jar
2025-02-07 18:47:29,169 [Worker-44: Searching...] INFO  o.e.m.c.i.e.AbstractTransferListenerAdapter - Downloaded https://repo.maven.apache.org/maven2/org/codehaus/plexus/plexus-utils/3.5.1/plexus-utils-3.5.1-sources.jar
2025-02-07 18:47:29,258 [Worker-44: Searching...] INFO  o.e.m.c.i.e.AbstractTransferListenerAdapter - Downloading https://repo.maven.apache.org/maven2/org/codehaus/plexus/plexus-xml/3.0.1/plexus-xml-3.0.1-sources.jar
2025-02-07 18:47:29,303 [Worker-44: Searching...] INFO  o.e.m.c.i.e.AbstractTransferListenerAdapter - Downloaded https://repo.maven.apache.org/maven2/org/codehaus/plexus/plexus-xml/3.0.1/plexus-xml-3.0.1-sources.jar
2025-02-07 18:47:29,390 [Worker-44: Searching...] INFO  o.e.m.c.i.e.AbstractTransferListenerAdapter - Downloading https://repo.maven.apache.org/maven2/org/apache/maven/wagon/wagon-file/3.5.3/wagon-file-3.5.3-sources.jar
2025-02-07 18:47:29,395 [Worker-44: Searching...] INFO  o.e.m.c.i.e.AbstractTransferListenerAdapter - Downloaded https://repo.maven.apache.org/maven2/org/apache/maven/wagon/wagon-file/3.5.3/wagon-file-3.5.3-sources.jar
2025-02-07 18:47:29,480 [Worker-44: Searching...] INFO  o.e.m.c.i.e.AbstractTransferListenerAdapter - Downloading https://repo.maven.apache.org/maven2/org/apache/maven/wagon/wagon-http/3.5.3/wagon-http-3.5.3-sources.jar
2025-02-07 18:47:29,489 [Worker-44: Searching...] INFO  o.e.m.c.i.e.AbstractTransferListenerAdapter - Downloaded https://repo.maven.apache.org/maven2/org/apache/maven/wagon/wagon-http/3.5.3/wagon-http-3.5.3-sources.jar
2025-02-07 18:47:29,591 [Worker-44: Searching...] INFO  o.e.m.c.i.e.AbstractTransferListenerAdapter - Downloading https://repo.maven.apache.org/maven2/org/apache/maven/wagon/wagon-http-shared/3.5.3/wagon-http-shared-3.5.3-sources.jar
2025-02-07 18:47:29,615 [Worker-44: Searching...] INFO  o.e.m.c.i.e.AbstractTransferListenerAdapter - Downloaded https://repo.maven.apache.org/maven2/org/apache/maven/wagon/wagon-http-shared/3.5.3/wagon-http-shared-3.5.3-sources.jar
2025-02-07 18:47:29,716 [Worker-44: Searching...] INFO  o.e.m.c.i.e.AbstractTransferListenerAdapter - Downloading https://repo.maven.apache.org/maven2/org/apache/maven/wagon/wagon-provider-api/3.5.3/wagon-provider-api-3.5.3-sources.jar
2025-02-07 18:47:29,756 [Worker-44: Searching...] INFO  o.e.m.c.i.e.AbstractTransferListenerAdapter - Downloaded https://repo.maven.apache.org/maven2/org/apache/maven/wagon/wagon-provider-api/3.5.3/wagon-provider-api-3.5.3-sources.jar
2025-02-07 18:47:29,871 [Worker-44: Searching...] INFO  o.e.m.c.i.e.AbstractTransferListenerAdapter - Downloading https://repo.maven.apache.org/maven2/org/apache/maven/maven-slf4j-provider/3.9.9/maven-slf4j-provider-3.9.9-sources.jar
2025-02-07 18:47:29,883 [Worker-44: Searching...] INFO  o.e.m.c.i.e.AbstractTransferListenerAdapter - Downloaded https://repo.maven.apache.org/maven2/org/apache/maven/maven-slf4j-provider/3.9.9/maven-slf4j-provider-3.9.9-sources.jar
2025-02-07 18:47:29,984 [Worker-44: Searching...] INFO  o.e.m.c.i.e.AbstractTransferListenerAdapter - Downloading https://repo.maven.apache.org/maven2/com/google/guava/guava/33.3.1-jre/guava-33.3.1-jre-sources.jar
2025-02-07 18:47:30,188 [Worker-44: Searching...] INFO  o.e.m.c.i.e.AbstractTransferListenerAdapter - Downloaded https://repo.maven.apache.org/maven2/com/google/guava/guava/33.3.1-jre/guava-33.3.1-jre-sources.jar
2025-02-07 18:47:30,281 [Worker-44: Searching...] INFO  o.e.m.c.i.e.AbstractTransferListenerAdapter - Downloading https://repo.maven.apache.org/maven2/org/slf4j/slf4j-api/2.0.16/slf4j-api-2.0.16-sources.jar
2025-02-07 18:47:30,313 [Worker-44: Searching...] INFO  o.e.m.c.i.e.AbstractTransferListenerAdapter - Downloaded https://repo.maven.apache.org/maven2/org/slf4j/slf4j-api/2.0.16/slf4j-api-2.0.16-sources.jar
2025-02-07 18:47:30,410 [Worker-44: Searching...] INFO  o.e.m.c.i.e.AbstractTransferListenerAdapter - Downloading https://repo.maven.apache.org/maven2/jakarta/inject/jakarta.inject-api/1.0.5/jakarta.inject-api-1.0.5-sources.jar
2025-02-07 18:47:30,421 [Worker-44: Searching...] INFO  o.e.m.c.i.e.AbstractTransferListenerAdapter - Downloaded https://repo.maven.apache.org/maven2/jakarta/inject/jakarta.inject-api/1.0.5/jakarta.inject-api-1.0.5-sources.jar
2025-02-07 18:47:30,530 [Worker-44: Searching...] INFO  o.e.m.c.i.e.AbstractTransferListenerAdapter - Downloading https://repo.maven.apache.org/maven2/jakarta/annotation/jakarta.annotation-api/1.3.5/jakarta.annotation-api-1.3.5-sources.jar
2025-02-07 18:47:30,561 [Worker-44: Searching...] INFO  o.e.m.c.i.e.AbstractTransferListenerAdapter - Downloaded https://repo.maven.apache.org/maven2/jakarta/annotation/jakarta.annotation-api/1.3.5/jakarta.annotation-api-1.3.5-sources.jar
2025-02-07 18:47:30,660 [Worker-44: Searching...] INFO  o.e.m.c.i.e.AbstractTransferListenerAdapter - Downloading https://repo.maven.apache.org/maven2/commons-cli/commons-cli/1.9.0/commons-cli-1.9.0-sources.jar
2025-02-07 18:47:30,702 [Worker-44: Searching...] INFO  o.e.m.c.i.e.AbstractTransferListenerAdapter - Downloaded https://repo.maven.apache.org/maven2/commons-cli/commons-cli/1.9.0/commons-cli-1.9.0-sources.jar
2025-02-07 18:47:30,791 [Worker-44: Searching...] INFO  o.e.m.c.i.e.AbstractTransferListenerAdapter - Downloading https://repo.maven.apache.org/maven2/commons-codec/commons-codec/1.16.0/commons-codec-1.16.0-sources.jar
2025-02-07 18:47:30,885 [Worker-44: Searching...] INFO  o.e.m.c.i.e.AbstractTransferListenerAdapter - Downloaded https://repo.maven.apache.org/maven2/commons-codec/commons-codec/1.16.0/commons-codec-1.16.0-sources.jar
2025-02-07 18:47:30,986 [Worker-44: Searching...] INFO  o.e.m.c.i.e.AbstractTransferListenerAdapter - Downloading https://repo.maven.apache.org/maven2/com/google/guava/failureaccess/1.0.2/failureaccess-1.0.2-sources.jar
2025-02-07 18:47:30,991 [Worker-44: Searching...] INFO  o.e.m.c.i.e.AbstractTransferListenerAdapter - Downloaded https://repo.maven.apache.org/maven2/com/google/guava/failureaccess/1.0.2/failureaccess-1.0.2-sources.jar
2025-02-07 18:48:27,822 [Worker-44: Building] INFO  o.e.m.c.i.l.LifecycleMappingFactory - Using org.eclipse.m2e.jdt.JarLifecycleMapping lifecycle mapping for MavenProject: com.telusko.learning:Junit-06maven:0.0.1-SNAPSHOT @ C:\Users\jayan\eclipse-workspace\Junit5-06maven\pom.xml.
2025-02-07 18:48:28,563 [Worker-44: Building] INFO  o.a.m.s.f.DefaultMavenResourcesFiltering - Copying 0 resource from src\main\resources to target\classes
2025-02-07 18:48:28,572 [Worker-44: Building] INFO  o.a.m.s.f.DefaultMavenResourcesFiltering - Copying 0 resource from src\test\resources to target\test-classes
2025-02-07 18:48:29,848 [Worker-49: Building] INFO  o.a.m.s.f.DefaultMavenResourcesFiltering - Copying 0 resource from src\main\resources to target\classes
2025-02-07 18:48:29,851 [Worker-49: Building] INFO  o.a.m.s.f.DefaultMavenResourcesFiltering - Copying 0 resource from src\test\resources to target\test-classes
2025-02-07 18:48:39,509 [Worker-44: Building] INFO  o.e.m.c.i.l.LifecycleMappingFactory - Using org.eclipse.m2e.jdt.JarLifecycleMapping lifecycle mapping for MavenProject: com.telusko.learning:Junit-06maven:0.0.1-SNAPSHOT @ C:\Users\jayan\eclipse-workspace\Junit5-06maven\pom.xml.
2025-02-07 18:48:39,737 [Worker-44: Building] INFO  o.a.m.s.f.DefaultMavenResourcesFiltering - Copying 0 resource from src\main\resources to target\classes
2025-02-07 18:48:39,745 [Worker-44: Building] INFO  o.a.m.s.f.DefaultMavenResourcesFiltering - Copying 0 resource from src\test\resources to target\test-classes
2025-02-07 18:48:52,397 [Worker-32: Launching Executing test in C__Users_jayan_eclipse-workspace_Junit5-06maven] INFO  o.eclipse.m2e.core.internal.Bundles - getClasspathEntries(Bundle=org.eclipse.m2e.maven.runtime_3.9.900.20240824-1409 [298])
2025-02-07 18:48:52,399 [Worker-32: Launching Executing test in C__Users_jayan_eclipse-workspace_Junit5-06maven] INFO  o.eclipse.m2e.core.internal.Bundles - 	Entry: C:\Users\jayan\.p2\pool\plugins\org.eclipse.m2e.maven.runtime_3.9.900.20240824-1409
2025-02-07 18:48:52,399 [Worker-32: Launching Executing test in C__Users_jayan_eclipse-workspace_Junit5-06maven] INFO  o.eclipse.m2e.core.internal.Bundles - 	Entry: C:\Users\jayan\.p2\pool\plugins\org.eclipse.m2e.maven.runtime_3.9.900.20240824-1409\jars\aopalliance-1.0.jar
2025-02-07 18:48:52,400 [Worker-32: Launching Executing test in C__Users_jayan_eclipse-workspace_Junit5-06maven] INFO  o.eclipse.m2e.core.internal.Bundles - 	Entry: C:\Users\jayan\.p2\pool\plugins\org.eclipse.m2e.maven.runtime_3.9.900.20240824-1409\jars\guice-5.1.0.jar
2025-02-07 18:48:52,400 [Worker-32: Launching Executing test in C__Users_jayan_eclipse-workspace_Junit5-06maven] INFO  o.eclipse.m2e.core.internal.Bundles - 	Entry: C:\Users\jayan\.p2\pool\plugins\org.eclipse.m2e.maven.runtime_3.9.900.20240824-1409\jars\httpclient-4.5.14.jar
2025-02-07 18:48:52,400 [Worker-32: Launching Executing test in C__Users_jayan_eclipse-workspace_Junit5-06maven] INFO  o.eclipse.m2e.core.internal.Bundles - 	Entry: C:\Users\jayan\.p2\pool\plugins\org.eclipse.m2e.maven.runtime_3.9.900.20240824-1409\jars\httpcore-4.4.16.jar
2025-02-07 18:48:52,401 [Worker-32: Launching Executing test in C__Users_jayan_eclipse-workspace_Junit5-06maven] INFO  o.eclipse.m2e.core.internal.Bundles - 	Entry: C:\Users\jayan\.p2\pool\plugins\org.eclipse.m2e.maven.runtime_3.9.900.20240824-1409\jars\jansi-2.4.1.jar
2025-02-07 18:48:52,401 [Worker-32: Launching Executing test in C__Users_jayan_eclipse-workspace_Junit5-06maven] INFO  o.eclipse.m2e.core.internal.Bundles - 	Entry: C:\Users\jayan\.p2\pool\plugins\org.eclipse.m2e.maven.runtime_3.9.900.20240824-1409\jars\jcl-over-slf4j-1.7.36.jar
2025-02-07 18:48:52,401 [Worker-32: Launching Executing test in C__Users_jayan_eclipse-workspace_Junit5-06maven] INFO  o.eclipse.m2e.core.internal.Bundles - 	Entry: C:\Users\jayan\.p2\pool\plugins\org.eclipse.m2e.maven.runtime_3.9.900.20240824-1409\jars\maven-artifact-3.9.9.jar
2025-02-07 18:48:52,401 [Worker-32: Launching Executing test in C__Users_jayan_eclipse-workspace_Junit5-06maven] INFO  o.eclipse.m2e.core.internal.Bundles - 	Entry: C:\Users\jayan\.p2\pool\plugins\org.eclipse.m2e.maven.runtime_3.9.900.20240824-1409\jars\maven-builder-support-3.9.9.jar
2025-02-07 18:48:52,402 [Worker-32: Launching Executing test in C__Users_jayan_eclipse-workspace_Junit5-06maven] INFO  o.eclipse.m2e.core.internal.Bundles - 	Entry: C:\Users\jayan\.p2\pool\plugins\org.eclipse.m2e.maven.runtime_3.9.900.20240824-1409\jars\maven-compat-3.9.9.jar
2025-02-07 18:48:52,402 [Worker-32: Launching Executing test in C__Users_jayan_eclipse-workspace_Junit5-06maven] INFO  o.eclipse.m2e.core.internal.Bundles - 	Entry: C:\Users\jayan\.p2\pool\plugins\org.eclipse.m2e.maven.runtime_3.9.900.20240824-1409\jars\maven-core-3.9.9.jar
2025-02-07 18:48:52,402 [Worker-32: Launching Executing test in C__Users_jayan_eclipse-workspace_Junit5-06maven] INFO  o.eclipse.m2e.core.internal.Bundles - 	Entry: C:\Users\jayan\.p2\pool\plugins\org.eclipse.m2e.maven.runtime_3.9.900.20240824-1409\jars\maven-embedder-3.9.9.jar
2025-02-07 18:48:52,403 [Worker-32: Launching Executing test in C__Users_jayan_eclipse-workspace_Junit5-06maven] INFO  o.eclipse.m2e.core.internal.Bundles - 	Entry: C:\Users\jayan\.p2\pool\plugins\org.eclipse.m2e.maven.runtime_3.9.900.20240824-1409\jars\maven-model-3.9.9.jar
2025-02-07 18:48:52,403 [Worker-32: Launching Executing test in C__Users_jayan_eclipse-workspace_Junit5-06maven] INFO  o.eclipse.m2e.core.internal.Bundles - 	Entry: C:\Users\jayan\.p2\pool\plugins\org.eclipse.m2e.maven.runtime_3.9.900.20240824-1409\jars\maven-model-builder-3.9.9.jar
2025-02-07 18:48:52,403 [Worker-32: Launching Executing test in C__Users_jayan_eclipse-workspace_Junit5-06maven] INFO  o.eclipse.m2e.core.internal.Bundles - 	Entry: C:\Users\jayan\.p2\pool\plugins\org.eclipse.m2e.maven.runtime_3.9.900.20240824-1409\jars\maven-plugin-api-3.9.9.jar
2025-02-07 18:48:52,403 [Worker-32: Launching Executing test in C__Users_jayan_eclipse-workspace_Junit5-06maven] INFO  o.eclipse.m2e.core.internal.Bundles - 	Entry: C:\Users\jayan\.p2\pool\plugins\org.eclipse.m2e.maven.runtime_3.9.900.20240824-1409\jars\maven-repository-metadata-3.9.9.jar
2025-02-07 18:48:52,403 [Worker-32: Launching Executing test in C__Users_jayan_eclipse-workspace_Junit5-06maven] INFO  o.eclipse.m2e.core.internal.Bundles - 	Entry: C:\Users\jayan\.p2\pool\plugins\org.eclipse.m2e.maven.runtime_3.9.900.20240824-1409\jars\maven-resolver-api-1.9.22.jar
2025-02-07 18:48:52,405 [Worker-32: Launching Executing test in C__Users_jayan_eclipse-workspace_Junit5-06maven] INFO  o.eclipse.m2e.core.internal.Bundles - 	Entry: C:\Users\jayan\.p2\pool\plugins\org.eclipse.m2e.maven.runtime_3.9.900.20240824-1409\jars\maven-resolver-connector-basic-1.9.22.jar
2025-02-07 18:48:52,405 [Worker-32: Launching Executing test in C__Users_jayan_eclipse-workspace_Junit5-06maven] INFO  o.eclipse.m2e.core.internal.Bundles - 	Entry: C:\Users\jayan\.p2\pool\plugins\org.eclipse.m2e.maven.runtime_3.9.900.20240824-1409\jars\maven-resolver-impl-1.9.22.jar
2025-02-07 18:48:52,405 [Worker-32: Launching Executing test in C__Users_jayan_eclipse-workspace_Junit5-06maven] INFO  o.eclipse.m2e.core.internal.Bundles - 	Entry: C:\Users\jayan\.p2\pool\plugins\org.eclipse.m2e.maven.runtime_3.9.900.20240824-1409\jars\maven-resolver-named-locks-1.9.22.jar
2025-02-07 18:48:52,405 [Worker-32: Launching Executing test in C__Users_jayan_eclipse-workspace_Junit5-06maven] INFO  o.eclipse.m2e.core.internal.Bundles - 	Entry: C:\Users\jayan\.p2\pool\plugins\org.eclipse.m2e.maven.runtime_3.9.900.20240824-1409\jars\maven-resolver-provider-3.9.9.jar
2025-02-07 18:48:52,406 [Worker-32: Launching Executing test in C__Users_jayan_eclipse-workspace_Junit5-06maven] INFO  o.eclipse.m2e.core.internal.Bundles - 	Entry: C:\Users\jayan\.p2\pool\plugins\org.eclipse.m2e.maven.runtime_3.9.900.20240824-1409\jars\maven-resolver-spi-1.9.22.jar
2025-02-07 18:48:52,406 [Worker-32: Launching Executing test in C__Users_jayan_eclipse-workspace_Junit5-06maven] INFO  o.eclipse.m2e.core.internal.Bundles - 	Entry: C:\Users\jayan\.p2\pool\plugins\org.eclipse.m2e.maven.runtime_3.9.900.20240824-1409\jars\maven-resolver-transport-file-1.9.22.jar
2025-02-07 18:48:52,406 [Worker-32: Launching Executing test in C__Users_jayan_eclipse-workspace_Junit5-06maven] INFO  o.eclipse.m2e.core.internal.Bundles - 	Entry: C:\Users\jayan\.p2\pool\plugins\org.eclipse.m2e.maven.runtime_3.9.900.20240824-1409\jars\maven-resolver-transport-http-1.9.22.jar
2025-02-07 18:48:52,406 [Worker-32: Launching Executing test in C__Users_jayan_eclipse-workspace_Junit5-06maven] INFO  o.eclipse.m2e.core.internal.Bundles - 	Entry: C:\Users\jayan\.p2\pool\plugins\org.eclipse.m2e.maven.runtime_3.9.900.20240824-1409\jars\maven-resolver-transport-wagon-1.9.22.jar
2025-02-07 18:48:52,407 [Worker-32: Launching Executing test in C__Users_jayan_eclipse-workspace_Junit5-06maven] INFO  o.eclipse.m2e.core.internal.Bundles - 	Entry: C:\Users\jayan\.p2\pool\plugins\org.eclipse.m2e.maven.runtime_3.9.900.20240824-1409\jars\maven-resolver-util-1.9.22.jar
2025-02-07 18:48:52,407 [Worker-32: Launching Executing test in C__Users_jayan_eclipse-workspace_Junit5-06maven] INFO  o.eclipse.m2e.core.internal.Bundles - 	Entry: C:\Users\jayan\.p2\pool\plugins\org.eclipse.m2e.maven.runtime_3.9.900.20240824-1409\jars\maven-settings-3.9.9.jar
2025-02-07 18:48:52,407 [Worker-32: Launching Executing test in C__Users_jayan_eclipse-workspace_Junit5-06maven] INFO  o.eclipse.m2e.core.internal.Bundles - 	Entry: C:\Users\jayan\.p2\pool\plugins\org.eclipse.m2e.maven.runtime_3.9.900.20240824-1409\jars\maven-settings-builder-3.9.9.jar
2025-02-07 18:48:52,407 [Worker-32: Launching Executing test in C__Users_jayan_eclipse-workspace_Junit5-06maven] INFO  o.eclipse.m2e.core.internal.Bundles - 	Entry: C:\Users\jayan\.p2\pool\plugins\org.eclipse.m2e.maven.runtime_3.9.900.20240824-1409\jars\maven-shared-utils-3.4.2.jar
2025-02-07 18:48:52,407 [Worker-32: Launching Executing test in C__Users_jayan_eclipse-workspace_Junit5-06maven] INFO  o.eclipse.m2e.core.internal.Bundles - 	Entry: C:\Users\jayan\.p2\pool\plugins\org.eclipse.m2e.maven.runtime_3.9.900.20240824-1409\jars\org.eclipse.sisu.inject-0.9.0.M3.jar
2025-02-07 18:48:52,409 [Worker-32: Launching Executing test in C__Users_jayan_eclipse-workspace_Junit5-06maven] INFO  o.eclipse.m2e.core.internal.Bundles - 	Entry: C:\Users\jayan\.p2\pool\plugins\org.eclipse.m2e.maven.runtime_3.9.900.20240824-1409\jars\org.eclipse.sisu.plexus-0.9.0.M3.jar
2025-02-07 18:48:52,409 [Worker-32: Launching Executing test in C__Users_jayan_eclipse-workspace_Junit5-06maven] INFO  o.eclipse.m2e.core.internal.Bundles - 	Entry: C:\Users\jayan\.p2\pool\plugins\org.eclipse.m2e.maven.runtime_3.9.900.20240824-1409\jars\plexus-build-api-0.0.7.jar
2025-02-07 18:48:52,409 [Worker-32: Launching Executing test in C__Users_jayan_eclipse-workspace_Junit5-06maven] INFO  o.eclipse.m2e.core.internal.Bundles - 	Entry: C:\Users\jayan\.p2\pool\plugins\org.eclipse.m2e.maven.runtime_3.9.900.20240824-1409\jars\plexus-build-api-1.2.0.jar
2025-02-07 18:48:52,410 [Worker-32: Launching Executing test in C__Users_jayan_eclipse-workspace_Junit5-06maven] INFO  o.eclipse.m2e.core.internal.Bundles - 	Entry: C:\Users\jayan\.p2\pool\plugins\org.eclipse.m2e.maven.runtime_3.9.900.20240824-1409\jars\plexus-cipher-2.0.jar
2025-02-07 18:48:52,411 [Worker-32: Launching Executing test in C__Users_jayan_eclipse-workspace_Junit5-06maven] INFO  o.eclipse.m2e.core.internal.Bundles - 	Entry: C:\Users\jayan\.p2\pool\plugins\org.eclipse.m2e.maven.runtime_3.9.900.20240824-1409\jars\plexus-classworlds-2.8.0.jar
2025-02-07 18:48:52,411 [Worker-32: Launching Executing test in C__Users_jayan_eclipse-workspace_Junit5-06maven] INFO  o.eclipse.m2e.core.internal.Bundles - 	Entry: C:\Users\jayan\.p2\pool\plugins\org.eclipse.m2e.maven.runtime_3.9.900.20240824-1409\jars\plexus-component-annotations-2.1.0.jar
2025-02-07 18:48:52,411 [Worker-32: Launching Executing test in C__Users_jayan_eclipse-workspace_Junit5-06maven] INFO  o.eclipse.m2e.core.internal.Bundles - 	Entry: C:\Users\jayan\.p2\pool\plugins\org.eclipse.m2e.maven.runtime_3.9.900.20240824-1409\jars\plexus-interpolation-1.27.jar
2025-02-07 18:48:52,412 [Worker-32: Launching Executing test in C__Users_jayan_eclipse-workspace_Junit5-06maven] INFO  o.eclipse.m2e.core.internal.Bundles - 	Entry: C:\Users\jayan\.p2\pool\plugins\org.eclipse.m2e.maven.runtime_3.9.900.20240824-1409\jars\plexus-sec-dispatcher-2.0.jar
2025-02-07 18:48:52,412 [Worker-32: Launching Executing test in C__Users_jayan_eclipse-workspace_Junit5-06maven] INFO  o.eclipse.m2e.core.internal.Bundles - 	Entry: C:\Users\jayan\.p2\pool\plugins\org.eclipse.m2e.maven.runtime_3.9.900.20240824-1409\jars\plexus-utils-3.5.1.jar
2025-02-07 18:48:52,413 [Worker-32: Launching Executing test in C__Users_jayan_eclipse-workspace_Junit5-06maven] INFO  o.eclipse.m2e.core.internal.Bundles - 	Entry: C:\Users\jayan\.p2\pool\plugins\org.eclipse.m2e.maven.runtime_3.9.900.20240824-1409\jars\plexus-xml-3.0.1.jar
2025-02-07 18:48:52,413 [Worker-32: Launching Executing test in C__Users_jayan_eclipse-workspace_Junit5-06maven] INFO  o.eclipse.m2e.core.internal.Bundles - 	Entry: C:\Users\jayan\.p2\pool\plugins\org.eclipse.m2e.maven.runtime_3.9.900.20240824-1409\jars\wagon-file-3.5.3.jar
2025-02-07 18:48:52,413 [Worker-32: Launching Executing test in C__Users_jayan_eclipse-workspace_Junit5-06maven] INFO  o.eclipse.m2e.core.internal.Bundles - 	Entry: C:\Users\jayan\.p2\pool\plugins\org.eclipse.m2e.maven.runtime_3.9.900.20240824-1409\jars\wagon-http-3.5.3.jar
2025-02-07 18:48:52,414 [Worker-32: Launching Executing test in C__Users_jayan_eclipse-workspace_Junit5-06maven] INFO  o.eclipse.m2e.core.internal.Bundles - 	Entry: C:\Users\jayan\.p2\pool\plugins\org.eclipse.m2e.maven.runtime_3.9.900.20240824-1409\jars\wagon-http-shared-3.5.3.jar
2025-02-07 18:48:52,414 [Worker-32: Launching Executing test in C__Users_jayan_eclipse-workspace_Junit5-06maven] INFO  o.eclipse.m2e.core.internal.Bundles - 	Entry: C:\Users\jayan\.p2\pool\plugins\org.eclipse.m2e.maven.runtime_3.9.900.20240824-1409\jars\wagon-provider-api-3.5.3.jar
2025-02-07 18:48:52,414 [Worker-32: Launching Executing test in C__Users_jayan_eclipse-workspace_Junit5-06maven] INFO  o.eclipse.m2e.core.internal.Bundles - getClasspathEntries(Bundle=com.google.guava_33.3.1.jre [10])
2025-02-07 18:48:52,415 [Worker-32: Launching Executing test in C__Users_jayan_eclipse-workspace_Junit5-06maven] INFO  o.eclipse.m2e.core.internal.Bundles - 	Entry: C:\Users\jayan\.p2\pool\plugins\com.google.guava_33.3.1.jre.jar
2025-02-07 18:48:52,415 [Worker-32: Launching Executing test in C__Users_jayan_eclipse-workspace_Junit5-06maven] INFO  o.eclipse.m2e.core.internal.Bundles - getClasspathEntries(Bundle=slf4j.api_2.0.16 [522])
2025-02-07 18:48:52,416 [Worker-32: Launching Executing test in C__Users_jayan_eclipse-workspace_Junit5-06maven] INFO  o.eclipse.m2e.core.internal.Bundles - 	Entry: C:\Users\jayan\.p2\pool\plugins\slf4j.api_2.0.16.jar
2025-02-07 18:48:52,416 [Worker-32: Launching Executing test in C__Users_jayan_eclipse-workspace_Junit5-06maven] INFO  o.eclipse.m2e.core.internal.Bundles - getClasspathEntries(Bundle=jakarta.inject.jakarta.inject-api_1.0.5 [22])
2025-02-07 18:48:52,417 [Worker-32: Launching Executing test in C__Users_jayan_eclipse-workspace_Junit5-06maven] INFO  o.eclipse.m2e.core.internal.Bundles - 	Entry: C:\Users\jayan\.p2\pool\plugins\jakarta.inject.jakarta.inject-api_1.0.5.jar
2025-02-07 18:48:52,417 [Worker-32: Launching Executing test in C__Users_jayan_eclipse-workspace_Junit5-06maven] INFO  o.eclipse.m2e.core.internal.Bundles - getClasspathEntries(Bundle=jakarta.annotation-api_1.3.5 [20])
2025-02-07 18:48:52,418 [Worker-32: Launching Executing test in C__Users_jayan_eclipse-workspace_Junit5-06maven] INFO  o.eclipse.m2e.core.internal.Bundles - 	Entry: C:\Users\jayan\.p2\pool\plugins\jakarta.annotation-api_1.3.5.jar
2025-02-07 18:48:52,418 [Worker-32: Launching Executing test in C__Users_jayan_eclipse-workspace_Junit5-06maven] INFO  o.eclipse.m2e.core.internal.Bundles - getClasspathEntries(Bundle=org.apache.commons.cli_1.9.0 [47])
2025-02-07 18:48:52,418 [Worker-32: Launching Executing test in C__Users_jayan_eclipse-workspace_Junit5-06maven] INFO  o.eclipse.m2e.core.internal.Bundles - 	Entry: C:\Users\jayan\.p2\pool\plugins\org.apache.commons.cli_1.9.0.jar
2025-02-07 18:48:52,418 [Worker-32: Launching Executing test in C__Users_jayan_eclipse-workspace_Junit5-06maven] INFO  o.eclipse.m2e.core.internal.Bundles - getClasspathEntries(Bundle=org.apache.commons.commons-codec_1.16.0 [50])
2025-02-07 18:48:52,419 [Worker-32: Launching Executing test in C__Users_jayan_eclipse-workspace_Junit5-06maven] INFO  o.eclipse.m2e.core.internal.Bundles - 	Entry: C:\Users\jayan\.p2\pool\plugins\org.apache.commons.commons-codec_1.16.0.jar
2025-02-07 18:48:52,419 [Worker-32: Launching Executing test in C__Users_jayan_eclipse-workspace_Junit5-06maven] INFO  o.eclipse.m2e.core.internal.Bundles - getClasspathEntries(Bundle=com.google.guava.failureaccess_1.0.2 [11])
2025-02-07 18:48:52,420 [Worker-32: Launching Executing test in C__Users_jayan_eclipse-workspace_Junit5-06maven] INFO  o.eclipse.m2e.core.internal.Bundles - 	Entry: C:\Users\jayan\.p2\pool\plugins\com.google.guava.failureaccess_1.0.2.jar
2025-02-07 18:48:52,422 [Worker-32: Launching Executing test in C__Users_jayan_eclipse-workspace_Junit5-06maven] INFO  o.e.m.i.launch.MavenLaunchDelegate - Run build in "C:\Users\jayan\eclipse-workspace\Junit5-06maven":
2025-02-07 18:48:52,422 [Worker-32: Launching Executing test in C__Users_jayan_eclipse-workspace_Junit5-06maven] INFO  o.e.m.i.launch.MavenLaunchDelegate -  mvn  -B -Dstyle.color=always test
2025-02-07 18:49:57,008 [Worker-51: Building] INFO  o.e.m.c.i.e.AbstractTransferListenerAdapter - Downloading https://repo.maven.apache.org/maven2/org/apache/maven/plugins/maven-surefire-plugin/3.2.1/maven-surefire-plugin-3.2.1.jar
2025-02-07 18:49:57,075 [Worker-51: Building] INFO  o.e.m.c.i.e.AbstractTransferListenerAdapter - Downloaded https://repo.maven.apache.org/maven2/org/apache/maven/plugins/maven-surefire-plugin/3.2.1/maven-surefire-plugin-3.2.1.jar
2025-02-07 18:49:57,326 [Worker-51: Building] INFO  o.e.m.c.i.l.LifecycleMappingFactory - Using org.eclipse.m2e.jdt.JarLifecycleMapping lifecycle mapping for MavenProject: com.telusko.learning:Junit-06maven:0.0.1-SNAPSHOT @ C:\Users\jayan\eclipse-workspace\Junit5-06maven\pom.xml.
2025-02-07 18:49:57,551 [Worker-51: Building] INFO  o.a.m.s.f.DefaultMavenResourcesFiltering - Copying 0 resource from src\main\resources to target\classes
2025-02-07 18:49:57,561 [Worker-51: Building] INFO  o.a.m.s.f.DefaultMavenResourcesFiltering - Copying 0 resource from src\test\resources to target\test-classes
2025-02-07 18:49:57,608 [Worker-51: Building] INFO  o.e.m.c.i.e.AbstractTransferListenerAdapter - Downloading https://repo.maven.apache.org/maven2/org/apache/maven/plugins/maven-surefire-plugin/3.2.1/maven-surefire-plugin-3.2.1.pom
2025-02-07 18:49:57,614 [Worker-51: Building] INFO  o.e.m.c.i.e.AbstractTransferListenerAdapter - Downloaded https://repo.maven.apache.org/maven2/org/apache/maven/plugins/maven-surefire-plugin/3.2.1/maven-surefire-plugin-3.2.1.pom
2025-02-07 18:49:57,660 [Worker-51: Building] INFO  o.e.m.c.i.e.AbstractTransferListenerAdapter - Downloading https://repo.maven.apache.org/maven2/org/apache/maven/surefire/surefire/3.2.1/surefire-3.2.1.pom
2025-02-07 18:49:57,670 [Worker-51: Building] INFO  o.e.m.c.i.e.AbstractTransferListenerAdapter - Downloaded https://repo.maven.apache.org/maven2/org/apache/maven/surefire/surefire/3.2.1/surefire-3.2.1.pom
2025-02-07 18:50:03,907 [Worker-45: Launching Executing test in C__Users_jayan_eclipse-workspace_Junit5-06maven] INFO  o.eclipse.m2e.core.internal.Bundles - getClasspathEntries(Bundle=org.eclipse.m2e.maven.runtime_3.9.900.20240824-1409 [298])
2025-02-07 18:50:03,908 [Worker-45: Launching Executing test in C__Users_jayan_eclipse-workspace_Junit5-06maven] INFO  o.eclipse.m2e.core.internal.Bundles - 	Entry: C:\Users\jayan\.p2\pool\plugins\org.eclipse.m2e.maven.runtime_3.9.900.20240824-1409
2025-02-07 18:50:03,908 [Worker-45: Launching Executing test in C__Users_jayan_eclipse-workspace_Junit5-06maven] INFO  o.eclipse.m2e.core.internal.Bundles - 	Entry: C:\Users\jayan\.p2\pool\plugins\org.eclipse.m2e.maven.runtime_3.9.900.20240824-1409\jars\aopalliance-1.0.jar
2025-02-07 18:50:03,908 [Worker-45: Launching Executing test in C__Users_jayan_eclipse-workspace_Junit5-06maven] INFO  o.eclipse.m2e.core.internal.Bundles - 	Entry: C:\Users\jayan\.p2\pool\plugins\org.eclipse.m2e.maven.runtime_3.9.900.20240824-1409\jars\guice-5.1.0.jar
2025-02-07 18:50:03,909 [Worker-45: Launching Executing test in C__Users_jayan_eclipse-workspace_Junit5-06maven] INFO  o.eclipse.m2e.core.internal.Bundles - 	Entry: C:\Users\jayan\.p2\pool\plugins\org.eclipse.m2e.maven.runtime_3.9.900.20240824-1409\jars\httpclient-4.5.14.jar
2025-02-07 18:50:03,909 [Worker-45: Launching Executing test in C__Users_jayan_eclipse-workspace_Junit5-06maven] INFO  o.eclipse.m2e.core.internal.Bundles - 	Entry: C:\Users\jayan\.p2\pool\plugins\org.eclipse.m2e.maven.runtime_3.9.900.20240824-1409\jars\httpcore-4.4.16.jar
2025-02-07 18:50:03,909 [Worker-45: Launching Executing test in C__Users_jayan_eclipse-workspace_Junit5-06maven] INFO  o.eclipse.m2e.core.internal.Bundles - 	Entry: C:\Users\jayan\.p2\pool\plugins\org.eclipse.m2e.maven.runtime_3.9.900.20240824-1409\jars\jansi-2.4.1.jar
2025-02-07 18:50:03,909 [Worker-45: Launching Executing test in C__Users_jayan_eclipse-workspace_Junit5-06maven] INFO  o.eclipse.m2e.core.internal.Bundles - 	Entry: C:\Users\jayan\.p2\pool\plugins\org.eclipse.m2e.maven.runtime_3.9.900.20240824-1409\jars\jcl-over-slf4j-1.7.36.jar
2025-02-07 18:50:03,909 [Worker-45: Launching Executing test in C__Users_jayan_eclipse-workspace_Junit5-06maven] INFO  o.eclipse.m2e.core.internal.Bundles - 	Entry: C:\Users\jayan\.p2\pool\plugins\org.eclipse.m2e.maven.runtime_3.9.900.20240824-1409\jars\maven-artifact-3.9.9.jar
2025-02-07 18:50:03,909 [Worker-45: Launching Executing test in C__Users_jayan_eclipse-workspace_Junit5-06maven] INFO  o.eclipse.m2e.core.internal.Bundles - 	Entry: C:\Users\jayan\.p2\pool\plugins\org.eclipse.m2e.maven.runtime_3.9.900.20240824-1409\jars\maven-builder-support-3.9.9.jar
2025-02-07 18:50:03,910 [Worker-45: Launching Executing test in C__Users_jayan_eclipse-workspace_Junit5-06maven] INFO  o.eclipse.m2e.core.internal.Bundles - 	Entry: C:\Users\jayan\.p2\pool\plugins\org.eclipse.m2e.maven.runtime_3.9.900.20240824-1409\jars\maven-compat-3.9.9.jar
2025-02-07 18:50:03,910 [Worker-45: Launching Executing test in C__Users_jayan_eclipse-workspace_Junit5-06maven] INFO  o.eclipse.m2e.core.internal.Bundles - 	Entry: C:\Users\jayan\.p2\pool\plugins\org.eclipse.m2e.maven.runtime_3.9.900.20240824-1409\jars\maven-core-3.9.9.jar
2025-02-07 18:50:03,910 [Worker-45: Launching Executing test in C__Users_jayan_eclipse-workspace_Junit5-06maven] INFO  o.eclipse.m2e.core.internal.Bundles - 	Entry: C:\Users\jayan\.p2\pool\plugins\org.eclipse.m2e.maven.runtime_3.9.900.20240824-1409\jars\maven-embedder-3.9.9.jar
2025-02-07 18:50:03,910 [Worker-45: Launching Executing test in C__Users_jayan_eclipse-workspace_Junit5-06maven] INFO  o.eclipse.m2e.core.internal.Bundles - 	Entry: C:\Users\jayan\.p2\pool\plugins\org.eclipse.m2e.maven.runtime_3.9.900.20240824-1409\jars\maven-model-3.9.9.jar
2025-02-07 18:50:03,910 [Worker-45: Launching Executing test in C__Users_jayan_eclipse-workspace_Junit5-06maven] INFO  o.eclipse.m2e.core.internal.Bundles - 	Entry: C:\Users\jayan\.p2\pool\plugins\org.eclipse.m2e.maven.runtime_3.9.900.20240824-1409\jars\maven-model-builder-3.9.9.jar
2025-02-07 18:50:03,910 [Worker-45: Launching Executing test in C__Users_jayan_eclipse-workspace_Junit5-06maven] INFO  o.eclipse.m2e.core.internal.Bundles - 	Entry: C:\Users\jayan\.p2\pool\plugins\org.eclipse.m2e.maven.runtime_3.9.900.20240824-1409\jars\maven-plugin-api-3.9.9.jar
2025-02-07 18:50:03,911 [Worker-45: Launching Executing test in C__Users_jayan_eclipse-workspace_Junit5-06maven] INFO  o.eclipse.m2e.core.internal.Bundles - 	Entry: C:\Users\jayan\.p2\pool\plugins\org.eclipse.m2e.maven.runtime_3.9.900.20240824-1409\jars\maven-repository-metadata-3.9.9.jar
2025-02-07 18:50:03,911 [Worker-45: Launching Executing test in C__Users_jayan_eclipse-workspace_Junit5-06maven] INFO  o.eclipse.m2e.core.internal.Bundles - 	Entry: C:\Users\jayan\.p2\pool\plugins\org.eclipse.m2e.maven.runtime_3.9.900.20240824-1409\jars\maven-resolver-api-1.9.22.jar
2025-02-07 18:50:03,911 [Worker-45: Launching Executing test in C__Users_jayan_eclipse-workspace_Junit5-06maven] INFO  o.eclipse.m2e.core.internal.Bundles - 	Entry: C:\Users\jayan\.p2\pool\plugins\org.eclipse.m2e.maven.runtime_3.9.900.20240824-1409\jars\maven-resolver-connector-basic-1.9.22.jar
2025-02-07 18:50:03,911 [Worker-45: Launching Executing test in C__Users_jayan_eclipse-workspace_Junit5-06maven] INFO  o.eclipse.m2e.core.internal.Bundles - 	Entry: C:\Users\jayan\.p2\pool\plugins\org.eclipse.m2e.maven.runtime_3.9.900.20240824-1409\jars\maven-resolver-impl-1.9.22.jar
2025-02-07 18:50:03,911 [Worker-45: Launching Executing test in C__Users_jayan_eclipse-workspace_Junit5-06maven] INFO  o.eclipse.m2e.core.internal.Bundles - 	Entry: C:\Users\jayan\.p2\pool\plugins\org.eclipse.m2e.maven.runtime_3.9.900.20240824-1409\jars\maven-resolver-named-locks-1.9.22.jar
2025-02-07 18:50:03,912 [Worker-45: Launching Executing test in C__Users_jayan_eclipse-workspace_Junit5-06maven] INFO  o.eclipse.m2e.core.internal.Bundles - 	Entry: C:\Users\jayan\.p2\pool\plugins\org.eclipse.m2e.maven.runtime_3.9.900.20240824-1409\jars\maven-resolver-provider-3.9.9.jar
2025-02-07 18:50:03,912 [Worker-45: Launching Executing test in C__Users_jayan_eclipse-workspace_Junit5-06maven] INFO  o.eclipse.m2e.core.internal.Bundles - 	Entry: C:\Users\jayan\.p2\pool\plugins\org.eclipse.m2e.maven.runtime_3.9.900.20240824-1409\jars\maven-resolver-spi-1.9.22.jar
2025-02-07 18:50:03,912 [Worker-45: Launching Executing test in C__Users_jayan_eclipse-workspace_Junit5-06maven] INFO  o.eclipse.m2e.core.internal.Bundles - 	Entry: C:\Users\jayan\.p2\pool\plugins\org.eclipse.m2e.maven.runtime_3.9.900.20240824-1409\jars\maven-resolver-transport-file-1.9.22.jar
2025-02-07 18:50:03,913 [Worker-45: Launching Executing test in C__Users_jayan_eclipse-workspace_Junit5-06maven] INFO  o.eclipse.m2e.core.internal.Bundles - 	Entry: C:\Users\jayan\.p2\pool\plugins\org.eclipse.m2e.maven.runtime_3.9.900.20240824-1409\jars\maven-resolver-transport-http-1.9.22.jar
2025-02-07 18:50:03,913 [Worker-45: Launching Executing test in C__Users_jayan_eclipse-workspace_Junit5-06maven] INFO  o.eclipse.m2e.core.internal.Bundles - 	Entry: C:\Users\jayan\.p2\pool\plugins\org.eclipse.m2e.maven.runtime_3.9.900.20240824-1409\jars\maven-resolver-transport-wagon-1.9.22.jar
2025-02-07 18:50:03,913 [Worker-45: Launching Executing test in C__Users_jayan_eclipse-workspace_Junit5-06maven] INFO  o.eclipse.m2e.core.internal.Bundles - 	Entry: C:\Users\jayan\.p2\pool\plugins\org.eclipse.m2e.maven.runtime_3.9.900.20240824-1409\jars\maven-resolver-util-1.9.22.jar
2025-02-07 18:50:03,913 [Worker-45: Launching Executing test in C__Users_jayan_eclipse-workspace_Junit5-06maven] INFO  o.eclipse.m2e.core.internal.Bundles - 	Entry: C:\Users\jayan\.p2\pool\plugins\org.eclipse.m2e.maven.runtime_3.9.900.20240824-1409\jars\maven-settings-3.9.9.jar
2025-02-07 18:50:03,913 [Worker-45: Launching Executing test in C__Users_jayan_eclipse-workspace_Junit5-06maven] INFO  o.eclipse.m2e.core.internal.Bundles - 	Entry: C:\Users\jayan\.p2\pool\plugins\org.eclipse.m2e.maven.runtime_3.9.900.20240824-1409\jars\maven-settings-builder-3.9.9.jar
2025-02-07 18:50:03,913 [Worker-45: Launching Executing test in C__Users_jayan_eclipse-workspace_Junit5-06maven] INFO  o.eclipse.m2e.core.internal.Bundles - 	Entry: C:\Users\jayan\.p2\pool\plugins\org.eclipse.m2e.maven.runtime_3.9.900.20240824-1409\jars\maven-shared-utils-3.4.2.jar
2025-02-07 18:50:03,913 [Worker-45: Launching Executing test in C__Users_jayan_eclipse-workspace_Junit5-06maven] INFO  o.eclipse.m2e.core.internal.Bundles - 	Entry: C:\Users\jayan\.p2\pool\plugins\org.eclipse.m2e.maven.runtime_3.9.900.20240824-1409\jars\org.eclipse.sisu.inject-0.9.0.M3.jar
2025-02-07 18:50:03,913 [Worker-45: Launching Executing test in C__Users_jayan_eclipse-workspace_Junit5-06maven] INFO  o.eclipse.m2e.core.internal.Bundles - 	Entry: C:\Users\jayan\.p2\pool\plugins\org.eclipse.m2e.maven.runtime_3.9.900.20240824-1409\jars\org.eclipse.sisu.plexus-0.9.0.M3.jar
2025-02-07 18:50:03,914 [Worker-45: Launching Executing test in C__Users_jayan_eclipse-workspace_Junit5-06maven] INFO  o.eclipse.m2e.core.internal.Bundles - 	Entry: C:\Users\jayan\.p2\pool\plugins\org.eclipse.m2e.maven.runtime_3.9.900.20240824-1409\jars\plexus-build-api-0.0.7.jar
2025-02-07 18:50:03,914 [Worker-45: Launching Executing test in C__Users_jayan_eclipse-workspace_Junit5-06maven] INFO  o.eclipse.m2e.core.internal.Bundles - 	Entry: C:\Users\jayan\.p2\pool\plugins\org.eclipse.m2e.maven.runtime_3.9.900.20240824-1409\jars\plexus-build-api-1.2.0.jar
2025-02-07 18:50:03,915 [Worker-45: Launching Executing test in C__Users_jayan_eclipse-workspace_Junit5-06maven] INFO  o.eclipse.m2e.core.internal.Bundles - 	Entry: C:\Users\jayan\.p2\pool\plugins\org.eclipse.m2e.maven.runtime_3.9.900.20240824-1409\jars\plexus-cipher-2.0.jar
2025-02-07 18:50:03,916 [Worker-45: Launching Executing test in C__Users_jayan_eclipse-workspace_Junit5-06maven] INFO  o.eclipse.m2e.core.internal.Bundles - 	Entry: C:\Users\jayan\.p2\pool\plugins\org.eclipse.m2e.maven.runtime_3.9.900.20240824-1409\jars\plexus-classworlds-2.8.0.jar
2025-02-07 18:50:03,916 [Worker-45: Launching Executing test in C__Users_jayan_eclipse-workspace_Junit5-06maven] INFO  o.eclipse.m2e.core.internal.Bundles - 	Entry: C:\Users\jayan\.p2\pool\plugins\org.eclipse.m2e.maven.runtime_3.9.900.20240824-1409\jars\plexus-component-annotations-2.1.0.jar
2025-02-07 18:50:03,916 [Worker-45: Launching Executing test in C__Users_jayan_eclipse-workspace_Junit5-06maven] INFO  o.eclipse.m2e.core.internal.Bundles - 	Entry: C:\Users\jayan\.p2\pool\plugins\org.eclipse.m2e.maven.runtime_3.9.900.20240824-1409\jars\plexus-interpolation-1.27.jar
2025-02-07 18:50:03,917 [Worker-45: Launching Executing test in C__Users_jayan_eclipse-workspace_Junit5-06maven] INFO  o.eclipse.m2e.core.internal.Bundles - 	Entry: C:\Users\jayan\.p2\pool\plugins\org.eclipse.m2e.maven.runtime_3.9.900.20240824-1409\jars\plexus-sec-dispatcher-2.0.jar
2025-02-07 18:50:03,917 [Worker-45: Launching Executing test in C__Users_jayan_eclipse-workspace_Junit5-06maven] INFO  o.eclipse.m2e.core.internal.Bundles - 	Entry: C:\Users\jayan\.p2\pool\plugins\org.eclipse.m2e.maven.runtime_3.9.900.20240824-1409\jars\plexus-utils-3.5.1.jar
2025-02-07 18:50:03,917 [Worker-45: Launching Executing test in C__Users_jayan_eclipse-workspace_Junit5-06maven] INFO  o.eclipse.m2e.core.internal.Bundles - 	Entry: C:\Users\jayan\.p2\pool\plugins\org.eclipse.m2e.maven.runtime_3.9.900.20240824-1409\jars\plexus-xml-3.0.1.jar
2025-02-07 18:50:03,918 [Worker-45: Launching Executing test in C__Users_jayan_eclipse-workspace_Junit5-06maven] INFO  o.eclipse.m2e.core.internal.Bundles - 	Entry: C:\Users\jayan\.p2\pool\plugins\org.eclipse.m2e.maven.runtime_3.9.900.20240824-1409\jars\wagon-file-3.5.3.jar
2025-02-07 18:50:03,918 [Worker-45: Launching Executing test in C__Users_jayan_eclipse-workspace_Junit5-06maven] INFO  o.eclipse.m2e.core.internal.Bundles - 	Entry: C:\Users\jayan\.p2\pool\plugins\org.eclipse.m2e.maven.runtime_3.9.900.20240824-1409\jars\wagon-http-3.5.3.jar
2025-02-07 18:50:03,918 [Worker-45: Launching Executing test in C__Users_jayan_eclipse-workspace_Junit5-06maven] INFO  o.eclipse.m2e.core.internal.Bundles - 	Entry: C:\Users\jayan\.p2\pool\plugins\org.eclipse.m2e.maven.runtime_3.9.900.20240824-1409\jars\wagon-http-shared-3.5.3.jar
2025-02-07 18:50:03,918 [Worker-45: Launching Executing test in C__Users_jayan_eclipse-workspace_Junit5-06maven] INFO  o.eclipse.m2e.core.internal.Bundles - 	Entry: C:\Users\jayan\.p2\pool\plugins\org.eclipse.m2e.maven.runtime_3.9.900.20240824-1409\jars\wagon-provider-api-3.5.3.jar
2025-02-07 18:50:03,918 [Worker-45: Launching Executing test in C__Users_jayan_eclipse-workspace_Junit5-06maven] INFO  o.eclipse.m2e.core.internal.Bundles - getClasspathEntries(Bundle=com.google.guava_33.3.1.jre [10])
2025-02-07 18:50:03,919 [Worker-45: Launching Executing test in C__Users_jayan_eclipse-workspace_Junit5-06maven] INFO  o.eclipse.m2e.core.internal.Bundles - 	Entry: C:\Users\jayan\.p2\pool\plugins\com.google.guava_33.3.1.jre.jar
2025-02-07 18:50:03,919 [Worker-45: Launching Executing test in C__Users_jayan_eclipse-workspace_Junit5-06maven] INFO  o.eclipse.m2e.core.internal.Bundles - getClasspathEntries(Bundle=slf4j.api_2.0.16 [522])
2025-02-07 18:50:03,919 [Worker-45: Launching Executing test in C__Users_jayan_eclipse-workspace_Junit5-06maven] INFO  o.eclipse.m2e.core.internal.Bundles - 	Entry: C:\Users\jayan\.p2\pool\plugins\slf4j.api_2.0.16.jar
2025-02-07 18:50:03,920 [Worker-45: Launching Executing test in C__Users_jayan_eclipse-workspace_Junit5-06maven] INFO  o.eclipse.m2e.core.internal.Bundles - getClasspathEntries(Bundle=jakarta.inject.jakarta.inject-api_1.0.5 [22])
2025-02-07 18:50:03,920 [Worker-45: Launching Executing test in C__Users_jayan_eclipse-workspace_Junit5-06maven] INFO  o.eclipse.m2e.core.internal.Bundles - 	Entry: C:\Users\jayan\.p2\pool\plugins\jakarta.inject.jakarta.inject-api_1.0.5.jar
2025-02-07 18:50:03,920 [Worker-45: Launching Executing test in C__Users_jayan_eclipse-workspace_Junit5-06maven] INFO  o.eclipse.m2e.core.internal.Bundles - getClasspathEntries(Bundle=jakarta.annotation-api_1.3.5 [20])
2025-02-07 18:50:03,921 [Worker-45: Launching Executing test in C__Users_jayan_eclipse-workspace_Junit5-06maven] INFO  o.eclipse.m2e.core.internal.Bundles - 	Entry: C:\Users\jayan\.p2\pool\plugins\jakarta.annotation-api_1.3.5.jar
2025-02-07 18:50:03,921 [Worker-45: Launching Executing test in C__Users_jayan_eclipse-workspace_Junit5-06maven] INFO  o.eclipse.m2e.core.internal.Bundles - getClasspathEntries(Bundle=org.apache.commons.cli_1.9.0 [47])
2025-02-07 18:50:03,921 [Worker-45: Launching Executing test in C__Users_jayan_eclipse-workspace_Junit5-06maven] INFO  o.eclipse.m2e.core.internal.Bundles - 	Entry: C:\Users\jayan\.p2\pool\plugins\org.apache.commons.cli_1.9.0.jar
2025-02-07 18:50:03,921 [Worker-45: Launching Executing test in C__Users_jayan_eclipse-workspace_Junit5-06maven] INFO  o.eclipse.m2e.core.internal.Bundles - getClasspathEntries(Bundle=org.apache.commons.commons-codec_1.16.0 [50])
2025-02-07 18:50:03,922 [Worker-45: Launching Executing test in C__Users_jayan_eclipse-workspace_Junit5-06maven] INFO  o.eclipse.m2e.core.internal.Bundles - 	Entry: C:\Users\jayan\.p2\pool\plugins\org.apache.commons.commons-codec_1.16.0.jar
2025-02-07 18:50:03,922 [Worker-45: Launching Executing test in C__Users_jayan_eclipse-workspace_Junit5-06maven] INFO  o.eclipse.m2e.core.internal.Bundles - getClasspathEntries(Bundle=com.google.guava.failureaccess_1.0.2 [11])
2025-02-07 18:50:03,922 [Worker-45: Launching Executing test in C__Users_jayan_eclipse-workspace_Junit5-06maven] INFO  o.eclipse.m2e.core.internal.Bundles - 	Entry: C:\Users\jayan\.p2\pool\plugins\com.google.guava.failureaccess_1.0.2.jar
2025-02-07 18:50:03,923 [Worker-45: Launching Executing test in C__Users_jayan_eclipse-workspace_Junit5-06maven] INFO  o.e.m.i.launch.MavenLaunchDelegate - Run build in "C:\Users\jayan\eclipse-workspace\Junit5-06maven":
2025-02-07 18:50:03,924 [Worker-45: Launching Executing test in C__Users_jayan_eclipse-workspace_Junit5-06maven] INFO  o.e.m.i.launch.MavenLaunchDelegate -  mvn  -B -Dstyle.color=always test
2025-02-08 00:19:32,428 [Worker-10: Loading available Gradle versions] INFO  o.e.b.c.i.u.g.PublishedGradleVersions - Gradle version information cache is up-to-date. Trying to read.
2025-02-09 00:18:50,018 [Worker-88: Building] INFO  o.a.m.s.f.DefaultMavenResourcesFiltering - Copying 0 resource from src\main\resources to target\classes
2025-02-09 00:18:50,029 [Worker-88: Building] INFO  o.a.m.s.f.DefaultMavenResourcesFiltering - Copying 0 resource from src\test\resources to target\test-classes
2025-02-09 00:21:22,707 [Worker-91: Building] INFO  o.a.m.s.f.DefaultMavenResourcesFiltering - Copying 0 resource from src\main\resources to target\classes
2025-02-09 00:21:22,713 [Worker-91: Building] INFO  o.a.m.s.f.DefaultMavenResourcesFiltering - Copying 0 resource from src\test\resources to target\test-classes
2025-02-09 00:21:37,822 [Worker-89: Building] INFO  o.a.m.s.f.DefaultMavenResourcesFiltering - Copying 0 resource from src\main\resources to target\classes
2025-02-09 00:21:37,826 [Worker-89: Building] INFO  o.a.m.s.f.DefaultMavenResourcesFiltering - Copying 0 resource from src\test\resources to target\test-classes
2025-02-09 00:27:34,180 [main] INFO  o.e.m.jdt.internal.UnitTestSupport - Updating TestBeforeAfter from maven configuration
2025-02-09 00:27:36,226 [Worker-93: Launching TestBeforeAfter] INFO  o.a.m.s.f.DefaultMavenResourcesFiltering - Copying 0 resource from src\main\resources to target\classes
2025-02-09 00:27:36,230 [Worker-93: Launching TestBeforeAfter] INFO  o.a.m.s.f.DefaultMavenResourcesFiltering - Copying 0 resource from src\test\resources to target\test-classes
2025-02-09 00:28:56,673 [Worker-93: Launching TestBeforeAfter] INFO  o.a.m.s.f.DefaultMavenResourcesFiltering - Copying 0 resource from src\main\resources to target\classes
2025-02-09 00:28:56,677 [Worker-93: Launching TestBeforeAfter] INFO  o.a.m.s.f.DefaultMavenResourcesFiltering - Copying 0 resource from src\test\resources to target\test-classes
2025-02-09 00:31:38,201 [Worker-91: Launching TestBeforeAfter] INFO  o.a.m.s.f.DefaultMavenResourcesFiltering - Copying 0 resource from src\main\resources to target\classes
2025-02-09 00:31:38,204 [Worker-91: Launching TestBeforeAfter] INFO  o.a.m.s.f.DefaultMavenResourcesFiltering - Copying 0 resource from src\test\resources to target\test-classes
2025-02-09 00:32:19,391 [Worker-93: Launching TestBeforeAfter] INFO  o.a.m.s.f.DefaultMavenResourcesFiltering - Copying 0 resource from src\main\resources to target\classes
2025-02-09 00:32:19,394 [Worker-93: Launching TestBeforeAfter] INFO  o.a.m.s.f.DefaultMavenResourcesFiltering - Copying 0 resource from src\test\resources to target\test-classes
2025-02-09 00:32:56,463 [Worker-91: Launching TestBeforeAfter] INFO  o.a.m.s.f.DefaultMavenResourcesFiltering - Copying 0 resource from src\main\resources to target\classes
2025-02-09 00:32:56,466 [Worker-91: Launching TestBeforeAfter] INFO  o.a.m.s.f.DefaultMavenResourcesFiltering - Copying 0 resource from src\test\resources to target\test-classes
2025-02-09 00:35:02,080 [Worker-89: Launching TestBeforeAfter] INFO  o.a.m.s.f.DefaultMavenResourcesFiltering - Copying 0 resource from src\main\resources to target\classes
2025-02-09 00:35:02,085 [Worker-89: Launching TestBeforeAfter] INFO  o.a.m.s.f.DefaultMavenResourcesFiltering - Copying 0 resource from src\test\resources to target\test-classes
2025-02-09 00:35:34,792 [Worker-95: Launching TestBeforeAfter] INFO  o.a.m.s.f.DefaultMavenResourcesFiltering - Copying 0 resource from src\main\resources to target\classes
2025-02-09 00:35:34,795 [Worker-95: Launching TestBeforeAfter] INFO  o.a.m.s.f.DefaultMavenResourcesFiltering - Copying 0 resource from src\test\resources to target\test-classes
2025-02-09 00:43:27,068 [Worker-99: Launching TestBeforeAfter] INFO  o.a.m.s.f.DefaultMavenResourcesFiltering - Copying 0 resource from src\main\resources to target\classes
2025-02-09 00:43:27,071 [Worker-99: Launching TestBeforeAfter] INFO  o.a.m.s.f.DefaultMavenResourcesFiltering - Copying 0 resource from src\test\resources to target\test-classes
2025-02-09 00:44:46,458 [Worker-89: Launching Executing test in C__Users_jayan_eclipse-workspace_Junit5-06maven] INFO  o.eclipse.m2e.core.internal.Bundles - getClasspathEntries(Bundle=org.eclipse.m2e.maven.runtime_3.9.900.20240824-1409 [298])
2025-02-09 00:44:46,460 [Worker-89: Launching Executing test in C__Users_jayan_eclipse-workspace_Junit5-06maven] INFO  o.eclipse.m2e.core.internal.Bundles - 	Entry: C:\Users\jayan\.p2\pool\plugins\org.eclipse.m2e.maven.runtime_3.9.900.20240824-1409
2025-02-09 00:44:46,461 [Worker-89: Launching Executing test in C__Users_jayan_eclipse-workspace_Junit5-06maven] INFO  o.eclipse.m2e.core.internal.Bundles - 	Entry: C:\Users\jayan\.p2\pool\plugins\org.eclipse.m2e.maven.runtime_3.9.900.20240824-1409\jars\aopalliance-1.0.jar
2025-02-09 00:44:46,461 [Worker-89: Launching Executing test in C__Users_jayan_eclipse-workspace_Junit5-06maven] INFO  o.eclipse.m2e.core.internal.Bundles - 	Entry: C:\Users\jayan\.p2\pool\plugins\org.eclipse.m2e.maven.runtime_3.9.900.20240824-1409\jars\guice-5.1.0.jar
2025-02-09 00:44:46,461 [Worker-89: Launching Executing test in C__Users_jayan_eclipse-workspace_Junit5-06maven] INFO  o.eclipse.m2e.core.internal.Bundles - 	Entry: C:\Users\jayan\.p2\pool\plugins\org.eclipse.m2e.maven.runtime_3.9.900.20240824-1409\jars\httpclient-4.5.14.jar
2025-02-09 00:44:46,461 [Worker-89: Launching Executing test in C__Users_jayan_eclipse-workspace_Junit5-06maven] INFO  o.eclipse.m2e.core.internal.Bundles - 	Entry: C:\Users\jayan\.p2\pool\plugins\org.eclipse.m2e.maven.runtime_3.9.900.20240824-1409\jars\httpcore-4.4.16.jar
2025-02-09 00:44:46,461 [Worker-89: Launching Executing test in C__Users_jayan_eclipse-workspace_Junit5-06maven] INFO  o.eclipse.m2e.core.internal.Bundles - 	Entry: C:\Users\jayan\.p2\pool\plugins\org.eclipse.m2e.maven.runtime_3.9.900.20240824-1409\jars\jansi-2.4.1.jar
2025-02-09 00:44:46,461 [Worker-89: Launching Executing test in C__Users_jayan_eclipse-workspace_Junit5-06maven] INFO  o.eclipse.m2e.core.internal.Bundles - 	Entry: C:\Users\jayan\.p2\pool\plugins\org.eclipse.m2e.maven.runtime_3.9.900.20240824-1409\jars\jcl-over-slf4j-1.7.36.jar
2025-02-09 00:44:46,462 [Worker-89: Launching Executing test in C__Users_jayan_eclipse-workspace_Junit5-06maven] INFO  o.eclipse.m2e.core.internal.Bundles - 	Entry: C:\Users\jayan\.p2\pool\plugins\org.eclipse.m2e.maven.runtime_3.9.900.20240824-1409\jars\maven-artifact-3.9.9.jar
2025-02-09 00:44:46,462 [Worker-89: Launching Executing test in C__Users_jayan_eclipse-workspace_Junit5-06maven] INFO  o.eclipse.m2e.core.internal.Bundles - 	Entry: C:\Users\jayan\.p2\pool\plugins\org.eclipse.m2e.maven.runtime_3.9.900.20240824-1409\jars\maven-builder-support-3.9.9.jar
2025-02-09 00:44:46,462 [Worker-89: Launching Executing test in C__Users_jayan_eclipse-workspace_Junit5-06maven] INFO  o.eclipse.m2e.core.internal.Bundles - 	Entry: C:\Users\jayan\.p2\pool\plugins\org.eclipse.m2e.maven.runtime_3.9.900.20240824-1409\jars\maven-compat-3.9.9.jar
2025-02-09 00:44:46,462 [Worker-89: Launching Executing test in C__Users_jayan_eclipse-workspace_Junit5-06maven] INFO  o.eclipse.m2e.core.internal.Bundles - 	Entry: C:\Users\jayan\.p2\pool\plugins\org.eclipse.m2e.maven.runtime_3.9.900.20240824-1409\jars\maven-core-3.9.9.jar
2025-02-09 00:44:46,462 [Worker-89: Launching Executing test in C__Users_jayan_eclipse-workspace_Junit5-06maven] INFO  o.eclipse.m2e.core.internal.Bundles - 	Entry: C:\Users\jayan\.p2\pool\plugins\org.eclipse.m2e.maven.runtime_3.9.900.20240824-1409\jars\maven-embedder-3.9.9.jar
2025-02-09 00:44:46,462 [Worker-89: Launching Executing test in C__Users_jayan_eclipse-workspace_Junit5-06maven] INFO  o.eclipse.m2e.core.internal.Bundles - 	Entry: C:\Users\jayan\.p2\pool\plugins\org.eclipse.m2e.maven.runtime_3.9.900.20240824-1409\jars\maven-model-3.9.9.jar
2025-02-09 00:44:46,462 [Worker-89: Launching Executing test in C__Users_jayan_eclipse-workspace_Junit5-06maven] INFO  o.eclipse.m2e.core.internal.Bundles - 	Entry: C:\Users\jayan\.p2\pool\plugins\org.eclipse.m2e.maven.runtime_3.9.900.20240824-1409\jars\maven-model-builder-3.9.9.jar
2025-02-09 00:44:46,462 [Worker-89: Launching Executing test in C__Users_jayan_eclipse-workspace_Junit5-06maven] INFO  o.eclipse.m2e.core.internal.Bundles - 	Entry: C:\Users\jayan\.p2\pool\plugins\org.eclipse.m2e.maven.runtime_3.9.900.20240824-1409\jars\maven-plugin-api-3.9.9.jar
2025-02-09 00:44:46,462 [Worker-89: Launching Executing test in C__Users_jayan_eclipse-workspace_Junit5-06maven] INFO  o.eclipse.m2e.core.internal.Bundles - 	Entry: C:\Users\jayan\.p2\pool\plugins\org.eclipse.m2e.maven.runtime_3.9.900.20240824-1409\jars\maven-repository-metadata-3.9.9.jar
2025-02-09 00:44:46,462 [Worker-89: Launching Executing test in C__Users_jayan_eclipse-workspace_Junit5-06maven] INFO  o.eclipse.m2e.core.internal.Bundles - 	Entry: C:\Users\jayan\.p2\pool\plugins\org.eclipse.m2e.maven.runtime_3.9.900.20240824-1409\jars\maven-resolver-api-1.9.22.jar
2025-02-09 00:44:46,463 [Worker-89: Launching Executing test in C__Users_jayan_eclipse-workspace_Junit5-06maven] INFO  o.eclipse.m2e.core.internal.Bundles - 	Entry: C:\Users\jayan\.p2\pool\plugins\org.eclipse.m2e.maven.runtime_3.9.900.20240824-1409\jars\maven-resolver-connector-basic-1.9.22.jar
2025-02-09 00:44:46,463 [Worker-89: Launching Executing test in C__Users_jayan_eclipse-workspace_Junit5-06maven] INFO  o.eclipse.m2e.core.internal.Bundles - 	Entry: C:\Users\jayan\.p2\pool\plugins\org.eclipse.m2e.maven.runtime_3.9.900.20240824-1409\jars\maven-resolver-impl-1.9.22.jar
2025-02-09 00:44:46,463 [Worker-89: Launching Executing test in C__Users_jayan_eclipse-workspace_Junit5-06maven] INFO  o.eclipse.m2e.core.internal.Bundles - 	Entry: C:\Users\jayan\.p2\pool\plugins\org.eclipse.m2e.maven.runtime_3.9.900.20240824-1409\jars\maven-resolver-named-locks-1.9.22.jar
2025-02-09 00:44:46,463 [Worker-89: Launching Executing test in C__Users_jayan_eclipse-workspace_Junit5-06maven] INFO  o.eclipse.m2e.core.internal.Bundles - 	Entry: C:\Users\jayan\.p2\pool\plugins\org.eclipse.m2e.maven.runtime_3.9.900.20240824-1409\jars\maven-resolver-provider-3.9.9.jar
2025-02-09 00:44:46,463 [Worker-89: Launching Executing test in C__Users_jayan_eclipse-workspace_Junit5-06maven] INFO  o.eclipse.m2e.core.internal.Bundles - 	Entry: C:\Users\jayan\.p2\pool\plugins\org.eclipse.m2e.maven.runtime_3.9.900.20240824-1409\jars\maven-resolver-spi-1.9.22.jar
2025-02-09 00:44:46,463 [Worker-89: Launching Executing test in C__Users_jayan_eclipse-workspace_Junit5-06maven] INFO  o.eclipse.m2e.core.internal.Bundles - 	Entry: C:\Users\jayan\.p2\pool\plugins\org.eclipse.m2e.maven.runtime_3.9.900.20240824-1409\jars\maven-resolver-transport-file-1.9.22.jar
2025-02-09 00:44:46,463 [Worker-89: Launching Executing test in C__Users_jayan_eclipse-workspace_Junit5-06maven] INFO  o.eclipse.m2e.core.internal.Bundles - 	Entry: C:\Users\jayan\.p2\pool\plugins\org.eclipse.m2e.maven.runtime_3.9.900.20240824-1409\jars\maven-resolver-transport-http-1.9.22.jar
2025-02-09 00:44:46,463 [Worker-89: Launching Executing test in C__Users_jayan_eclipse-workspace_Junit5-06maven] INFO  o.eclipse.m2e.core.internal.Bundles - 	Entry: C:\Users\jayan\.p2\pool\plugins\org.eclipse.m2e.maven.runtime_3.9.900.20240824-1409\jars\maven-resolver-transport-wagon-1.9.22.jar
2025-02-09 00:44:46,463 [Worker-89: Launching Executing test in C__Users_jayan_eclipse-workspace_Junit5-06maven] INFO  o.eclipse.m2e.core.internal.Bundles - 	Entry: C:\Users\jayan\.p2\pool\plugins\org.eclipse.m2e.maven.runtime_3.9.900.20240824-1409\jars\maven-resolver-util-1.9.22.jar
2025-02-09 00:44:46,463 [Worker-89: Launching Executing test in C__Users_jayan_eclipse-workspace_Junit5-06maven] INFO  o.eclipse.m2e.core.internal.Bundles - 	Entry: C:\Users\jayan\.p2\pool\plugins\org.eclipse.m2e.maven.runtime_3.9.900.20240824-1409\jars\maven-settings-3.9.9.jar
2025-02-09 00:44:46,464 [Worker-89: Launching Executing test in C__Users_jayan_eclipse-workspace_Junit5-06maven] INFO  o.eclipse.m2e.core.internal.Bundles - 	Entry: C:\Users\jayan\.p2\pool\plugins\org.eclipse.m2e.maven.runtime_3.9.900.20240824-1409\jars\maven-settings-builder-3.9.9.jar
2025-02-09 00:44:46,464 [Worker-89: Launching Executing test in C__Users_jayan_eclipse-workspace_Junit5-06maven] INFO  o.eclipse.m2e.core.internal.Bundles - 	Entry: C:\Users\jayan\.p2\pool\plugins\org.eclipse.m2e.maven.runtime_3.9.900.20240824-1409\jars\maven-shared-utils-3.4.2.jar
2025-02-09 00:44:46,464 [Worker-89: Launching Executing test in C__Users_jayan_eclipse-workspace_Junit5-06maven] INFO  o.eclipse.m2e.core.internal.Bundles - 	Entry: C:\Users\jayan\.p2\pool\plugins\org.eclipse.m2e.maven.runtime_3.9.900.20240824-1409\jars\org.eclipse.sisu.inject-0.9.0.M3.jar
2025-02-09 00:44:46,464 [Worker-89: Launching Executing test in C__Users_jayan_eclipse-workspace_Junit5-06maven] INFO  o.eclipse.m2e.core.internal.Bundles - 	Entry: C:\Users\jayan\.p2\pool\plugins\org.eclipse.m2e.maven.runtime_3.9.900.20240824-1409\jars\org.eclipse.sisu.plexus-0.9.0.M3.jar
2025-02-09 00:44:46,464 [Worker-89: Launching Executing test in C__Users_jayan_eclipse-workspace_Junit5-06maven] INFO  o.eclipse.m2e.core.internal.Bundles - 	Entry: C:\Users\jayan\.p2\pool\plugins\org.eclipse.m2e.maven.runtime_3.9.900.20240824-1409\jars\plexus-build-api-0.0.7.jar
2025-02-09 00:44:46,464 [Worker-89: Launching Executing test in C__Users_jayan_eclipse-workspace_Junit5-06maven] INFO  o.eclipse.m2e.core.internal.Bundles - 	Entry: C:\Users\jayan\.p2\pool\plugins\org.eclipse.m2e.maven.runtime_3.9.900.20240824-1409\jars\plexus-build-api-1.2.0.jar
2025-02-09 00:44:46,464 [Worker-89: Launching Executing test in C__Users_jayan_eclipse-workspace_Junit5-06maven] INFO  o.eclipse.m2e.core.internal.Bundles - 	Entry: C:\Users\jayan\.p2\pool\plugins\org.eclipse.m2e.maven.runtime_3.9.900.20240824-1409\jars\plexus-cipher-2.0.jar
2025-02-09 00:44:46,464 [Worker-89: Launching Executing test in C__Users_jayan_eclipse-workspace_Junit5-06maven] INFO  o.eclipse.m2e.core.internal.Bundles - 	Entry: C:\Users\jayan\.p2\pool\plugins\org.eclipse.m2e.maven.runtime_3.9.900.20240824-1409\jars\plexus-classworlds-2.8.0.jar
2025-02-09 00:44:46,464 [Worker-89: Launching Executing test in C__Users_jayan_eclipse-workspace_Junit5-06maven] INFO  o.eclipse.m2e.core.internal.Bundles - 	Entry: C:\Users\jayan\.p2\pool\plugins\org.eclipse.m2e.maven.runtime_3.9.900.20240824-1409\jars\plexus-component-annotations-2.1.0.jar
2025-02-09 00:44:46,464 [Worker-89: Launching Executing test in C__Users_jayan_eclipse-workspace_Junit5-06maven] INFO  o.eclipse.m2e.core.internal.Bundles - 	Entry: C:\Users\jayan\.p2\pool\plugins\org.eclipse.m2e.maven.runtime_3.9.900.20240824-1409\jars\plexus-interpolation-1.27.jar
2025-02-09 00:44:46,464 [Worker-89: Launching Executing test in C__Users_jayan_eclipse-workspace_Junit5-06maven] INFO  o.eclipse.m2e.core.internal.Bundles - 	Entry: C:\Users\jayan\.p2\pool\plugins\org.eclipse.m2e.maven.runtime_3.9.900.20240824-1409\jars\plexus-sec-dispatcher-2.0.jar
2025-02-09 00:44:46,465 [Worker-89: Launching Executing test in C__Users_jayan_eclipse-workspace_Junit5-06maven] INFO  o.eclipse.m2e.core.internal.Bundles - 	Entry: C:\Users\jayan\.p2\pool\plugins\org.eclipse.m2e.maven.runtime_3.9.900.20240824-1409\jars\plexus-utils-3.5.1.jar
2025-02-09 00:44:46,465 [Worker-89: Launching Executing test in C__Users_jayan_eclipse-workspace_Junit5-06maven] INFO  o.eclipse.m2e.core.internal.Bundles - 	Entry: C:\Users\jayan\.p2\pool\plugins\org.eclipse.m2e.maven.runtime_3.9.900.20240824-1409\jars\plexus-xml-3.0.1.jar
2025-02-09 00:44:46,465 [Worker-89: Launching Executing test in C__Users_jayan_eclipse-workspace_Junit5-06maven] INFO  o.eclipse.m2e.core.internal.Bundles - 	Entry: C:\Users\jayan\.p2\pool\plugins\org.eclipse.m2e.maven.runtime_3.9.900.20240824-1409\jars\wagon-file-3.5.3.jar
2025-02-09 00:44:46,465 [Worker-89: Launching Executing test in C__Users_jayan_eclipse-workspace_Junit5-06maven] INFO  o.eclipse.m2e.core.internal.Bundles - 	Entry: C:\Users\jayan\.p2\pool\plugins\org.eclipse.m2e.maven.runtime_3.9.900.20240824-1409\jars\wagon-http-3.5.3.jar
2025-02-09 00:44:46,465 [Worker-89: Launching Executing test in C__Users_jayan_eclipse-workspace_Junit5-06maven] INFO  o.eclipse.m2e.core.internal.Bundles - 	Entry: C:\Users\jayan\.p2\pool\plugins\org.eclipse.m2e.maven.runtime_3.9.900.20240824-1409\jars\wagon-http-shared-3.5.3.jar
2025-02-09 00:44:46,466 [Worker-89: Launching Executing test in C__Users_jayan_eclipse-workspace_Junit5-06maven] INFO  o.eclipse.m2e.core.internal.Bundles - 	Entry: C:\Users\jayan\.p2\pool\plugins\org.eclipse.m2e.maven.runtime_3.9.900.20240824-1409\jars\wagon-provider-api-3.5.3.jar
2025-02-09 00:44:46,467 [Worker-89: Launching Executing test in C__Users_jayan_eclipse-workspace_Junit5-06maven] INFO  o.eclipse.m2e.core.internal.Bundles - getClasspathEntries(Bundle=com.google.guava_33.3.1.jre [10])
2025-02-09 00:44:46,467 [Worker-89: Launching Executing test in C__Users_jayan_eclipse-workspace_Junit5-06maven] INFO  o.eclipse.m2e.core.internal.Bundles - 	Entry: C:\Users\jayan\.p2\pool\plugins\com.google.guava_33.3.1.jre.jar
2025-02-09 00:44:46,467 [Worker-89: Launching Executing test in C__Users_jayan_eclipse-workspace_Junit5-06maven] INFO  o.eclipse.m2e.core.internal.Bundles - getClasspathEntries(Bundle=slf4j.api_2.0.16 [522])
2025-02-09 00:44:46,468 [Worker-89: Launching Executing test in C__Users_jayan_eclipse-workspace_Junit5-06maven] INFO  o.eclipse.m2e.core.internal.Bundles - 	Entry: C:\Users\jayan\.p2\pool\plugins\slf4j.api_2.0.16.jar
2025-02-09 00:44:46,468 [Worker-89: Launching Executing test in C__Users_jayan_eclipse-workspace_Junit5-06maven] INFO  o.eclipse.m2e.core.internal.Bundles - getClasspathEntries(Bundle=jakarta.inject.jakarta.inject-api_1.0.5 [22])
2025-02-09 00:44:46,468 [Worker-89: Launching Executing test in C__Users_jayan_eclipse-workspace_Junit5-06maven] INFO  o.eclipse.m2e.core.internal.Bundles - 	Entry: C:\Users\jayan\.p2\pool\plugins\jakarta.inject.jakarta.inject-api_1.0.5.jar
2025-02-09 00:44:46,468 [Worker-89: Launching Executing test in C__Users_jayan_eclipse-workspace_Junit5-06maven] INFO  o.eclipse.m2e.core.internal.Bundles - getClasspathEntries(Bundle=jakarta.annotation-api_1.3.5 [20])
2025-02-09 00:44:46,469 [Worker-89: Launching Executing test in C__Users_jayan_eclipse-workspace_Junit5-06maven] INFO  o.eclipse.m2e.core.internal.Bundles - 	Entry: C:\Users\jayan\.p2\pool\plugins\jakarta.annotation-api_1.3.5.jar
2025-02-09 00:44:46,469 [Worker-89: Launching Executing test in C__Users_jayan_eclipse-workspace_Junit5-06maven] INFO  o.eclipse.m2e.core.internal.Bundles - getClasspathEntries(Bundle=org.apache.commons.cli_1.9.0 [47])
2025-02-09 00:44:46,469 [Worker-89: Launching Executing test in C__Users_jayan_eclipse-workspace_Junit5-06maven] INFO  o.eclipse.m2e.core.internal.Bundles - 	Entry: C:\Users\jayan\.p2\pool\plugins\org.apache.commons.cli_1.9.0.jar
2025-02-09 00:44:46,469 [Worker-89: Launching Executing test in C__Users_jayan_eclipse-workspace_Junit5-06maven] INFO  o.eclipse.m2e.core.internal.Bundles - getClasspathEntries(Bundle=org.apache.commons.commons-codec_1.16.0 [50])
2025-02-09 00:44:46,469 [Worker-89: Launching Executing test in C__Users_jayan_eclipse-workspace_Junit5-06maven] INFO  o.eclipse.m2e.core.internal.Bundles - 	Entry: C:\Users\jayan\.p2\pool\plugins\org.apache.commons.commons-codec_1.16.0.jar
2025-02-09 00:44:46,469 [Worker-89: Launching Executing test in C__Users_jayan_eclipse-workspace_Junit5-06maven] INFO  o.eclipse.m2e.core.internal.Bundles - getClasspathEntries(Bundle=com.google.guava.failureaccess_1.0.2 [11])
2025-02-09 00:44:46,469 [Worker-89: Launching Executing test in C__Users_jayan_eclipse-workspace_Junit5-06maven] INFO  o.eclipse.m2e.core.internal.Bundles - 	Entry: C:\Users\jayan\.p2\pool\plugins\com.google.guava.failureaccess_1.0.2.jar
2025-02-09 00:44:46,473 [Worker-89: Launching Executing test in C__Users_jayan_eclipse-workspace_Junit5-06maven] INFO  o.e.m.i.launch.MavenLaunchDelegate - Run build in "C:\Users\jayan\eclipse-workspace\Junit5-06maven":
2025-02-09 00:44:46,476 [Worker-89: Launching Executing test in C__Users_jayan_eclipse-workspace_Junit5-06maven] INFO  o.e.m.i.launch.MavenLaunchDelegate -  mvn  -B -Dstyle.color=always test
2025-02-09 00:45:59,467 [Worker-99: Launching TestBeforeAfter] INFO  o.a.m.s.f.DefaultMavenResourcesFiltering - Copying 0 resource from src\main\resources to target\classes
2025-02-09 00:45:59,470 [Worker-99: Launching TestBeforeAfter] INFO  o.a.m.s.f.DefaultMavenResourcesFiltering - Copying 0 resource from src\test\resources to target\test-classes
2025-02-09 00:47:08,112 [main] INFO  o.e.m.jdt.internal.UnitTestSupport - Updating TestBeforeAfter.beforeAll from maven configuration
2025-02-09 00:49:52,794 [Worker-100: Launching TestBeforeAfter] INFO  o.a.m.s.f.DefaultMavenResourcesFiltering - Copying 0 resource from src\main\resources to target\classes
2025-02-09 00:49:52,797 [Worker-100: Launching TestBeforeAfter] INFO  o.a.m.s.f.DefaultMavenResourcesFiltering - Copying 0 resource from src\test\resources to target\test-classes
2025-02-09 00:50:11,922 [Worker-89: Launching TestBeforeAfter] INFO  o.a.m.s.f.DefaultMavenResourcesFiltering - Copying 0 resource from src\main\resources to target\classes
2025-02-09 00:50:11,925 [Worker-89: Launching TestBeforeAfter] INFO  o.a.m.s.f.DefaultMavenResourcesFiltering - Copying 0 resource from src\test\resources to target\test-classes
2025-02-09 01:00:40,596 [Worker-14: Loading available Gradle versions] INFO  o.e.b.c.i.u.g.PublishedGradleVersions - Gradle version information cache is out-of-date. Trying to update.
2025-02-12 00:34:54,693 [Worker-3: Building] WARN  o.a.m.s.f.DefaultMavenResourcesFiltering - Using platform encoding (UTF-8 actually) to copy filtered resources, i.e. build is platform dependent!
2025-02-12 00:34:54,697 [Worker-3: Building] INFO  o.a.m.s.f.DefaultMavenResourcesFiltering - Copying 0 resource from src\main\resources to target\classes
2025-02-12 00:34:54,703 [Worker-3: Building] WARN  o.a.m.s.f.DefaultMavenResourcesFiltering - Using platform encoding (UTF-8 actually) to copy filtered resources, i.e. build is platform dependent!
2025-02-12 00:34:54,704 [Worker-3: Building] INFO  o.a.m.s.f.DefaultMavenResourcesFiltering - Copying 0 resource from src\test\resources to target\test-classes
2025-02-12 00:34:55,390 [Worker-3: Building] INFO  o.a.m.s.f.DefaultMavenResourcesFiltering - Copying 0 resource from src\main\resources to target\classes
2025-02-12 00:34:55,393 [Worker-3: Building] INFO  o.a.m.s.f.DefaultMavenResourcesFiltering - Copying 0 resource from src\test\resources to target\test-classes
2025-02-12 00:36:01,693 [Worker-4: Loading available Gradle versions] INFO  o.e.b.c.i.u.g.PublishedGradleVersions - Gradle version information cache is out-of-date. Trying to update.
2025-02-12 00:39:40,505 [Worker-7: Loading available Gradle versions] INFO  o.e.b.c.i.u.g.PublishedGradleVersions - Gradle version information cache is up-to-date. Trying to read.
